Timestamp,word,造句（请给出一则造句）,备注：,创建时间,词性,出处,Link:,创建用户,解释+出处：,短释义,视频或图片补充
5/24/2021 23:46:25,打脸,小词以为自己保录911的，结果没被录取：小词被打脸了。,,12/10/2016,"生活, 学习, 游戏, 直播",出自鲁迅《且介亭杂文·脸谱臆测》：“古代的假面和现在的打脸的关系，好像还没有人研究过。” ,"https://baike.baidu.com/item/%E6%89%93%E8%84%B8/10929028#:~:text=%E6%89%93%E8%84%B8%E5%87%BA%E5%A4%84&text=%E7%BC%96%E8%BE%91-,%E9%B2%81%E8%BF%85%20%E3%80%8A%E4%B8%94%E4%BB%8B%E4%BA%AD%E6%9D%82%E6%96%87%C2%B7%E8%84%B8%E8%B0%B1%E8%87%86%E6%B5%8B%E3%80%8B%EF%BC%9A%E2%80%9C,%EF%BC%9A%E2%80%9C%E6%89%93%E8%84%B8%E4%BA%86%E3%80%82%E2%80%9D",fahygao,意为被当面证明错误，使其丢脸。指在各种事件中，当事人用来辟谣的话被辟谣了。,,
5/24/2021 23:59:50,瓜,郑爽被爆代孕：这个郑爽的瓜属实香。,,9/19/2018,"生活, 数码, 饭圈",出自论坛，IM群中，经常有人发言讨论一些问题，后面就一堆人围观扯淡，此时就会形成如下面的盖楼、刷屏：“前排出售瓜子”“前排吃瓜子”“前排吃瓜”“吃瓜群众”“不明真相的吃瓜群众”等等。,"https://baike.baidu.com/item/%E5%90%83%E7%93%9C%E7%BE%A4%E4%BC%97#:~:text=%E5%90%83%E7%93%9C%E7%BE%A4%E4%BC%97%E8%AF%8D%E8%AF%AD%E6%9D%A5%E6%BA%90&text=%E2%80%9C%E5%90%83%E7%93%9C%E7%BE%A4%E4%BC%97%E2%80%9D%E4%B8%AD%E7%9A%84,%E7%9A%84%E7%9B%96%E6%A5%BC%E3%80%81%E5%88%B7%E5%B1%8F%EF%BC%9A&text=%E4%BA%8E%E6%98%AF%E5%B0%B1%E5%B9%B2%E8%84%86%E6%9C%89%E4%BA%BA%E5%B0%86,%E5%9B%B4%E8%A7%82%E6%9F%90%E4%BA%8B%E7%89%A9%E7%9A%84%E4%BA%BA%E4%BB%AC%E3%80%82",fahygao,意为值得八卦的事情，可代指重大新闻、或新鲜的传闻。,,
5/25/2021 15:45:59,普信男,小词一直都对自己非常有自信，即使在别人说自己长相丑的时候，他也对自己长得像吴彦祖深信不疑：小词就是普信男。,出现时间2018年8月,2018/8/1,"生活, 直播",出自《脱口秀大会》S3杨笠的脱口秀表演。原句为“男生为什么明明看起来这么普通，但是他却可以那么自信”。她猛攻男性盲目自信的表演，让在场男士都如坐针毡的同时，也在网上引发了一波争论。,https://www.sohu.com/a/414085811_115479,fahygao,直译为普通且自信的男人。一般形容男生具有迷之自信，不会跟女生搭讪聊天且资质相貌一般。,,
5/26/2021 14:21:48,giegie,我只会心疼giegie,原视频链接：https://www.bilibili.com/video/BV1S64y1S7tJ/?spm_id_from=333.788.recommend_more_video.6,4/11/2021,"生活, 直播, 体育, 抖音","出自抖音“悦悦大叔”的一条视频，由于表情太过抽象而广为流传。其中女生坐在一男生的电动车后面，一边吃棒棒糖一边说一系列绿茶精的话，其中就有""哥哥你女朋友要是知道我们吃同一个棒棒糖，你女朋友不会生气吧。。。好可怕，你女朋友，不像我，只会心疼giegie～""",https://baike.baidu.com/item/giegie,fahygao,“哥哥”的谐音。,,
5/26/2021 14:32:00,绿茶婊,小黄经常在王者荣耀代练圈里出没，然而她因为声音甜话说的好听勾引了很多大V陪她玩。小词对此表示：小黄这绿茶婊真的是够了！,,4/10/2013,生活,出自2013年海南三亚举办的“海天盛筵”奢华生活方式展会，其被揭发色情及不雅事件，引发大量的社会争议，网友发明“绿茶婊”一词进行讥讽。,https://www.zhihu.com/question/21680391,fahygao,该词语由“绿茶”和“婊子”组成。意为外表清纯但靠引诱男性甚至出卖肉体获得名利的女性。（该词具有侮辱性，请慎重使用！）,,
5/26/2021 14:43:33,炸鱼,小词虽然排位已经王者了，但仍然天天用小号配女友在青铜局打打闹闹：炸鱼炸得没完没了。,,1/14/2019,"生活, 游戏, 直播, 旧词新义",出自电子竞技直播领域。因为高段位的直播选手选择在低段位的局内虐杀新手的现象相当恶劣，网友通过这一词表达不满。CSGO和PUBG等游戏尤为明显。,"https://baike.baidu.com/item/%E7%82%B8%E9%B1%BC#:~:text=%E7%82%B8%E9%B1%BC%E5%BC%95%E7%94%B3%E5%90%AB%E4%B9%89&text=%E5%9C%A8%E7%94%B5%E5%AD%90%E7%AB%9E%E6%8A%80%E4%B8%AD%EF%BC%8C%E6%8C%87,%E4%B8%AD%E8%BF%9B%E8%A1%8C%E6%B8%B8%E6%88%8F%E7%9A%84%E8%A1%8C%E4%B8%BA%E3%80%82",fahygao,直译用炸弹捕鱼。在不同领域有不同的意思：在贴吧论坛中，“炸鱼”指论坛里诱导潜水的用户进行回复；在电子竞技中，指拥有较高游戏水平的玩家，通过某些手段，长期恶意在低水平玩家群体中进行游戏的行为。现在后者更为常用。,,
5/26/2021 14:54:32,针不戳,这每天看星星月亮，呼吸新鲜空气，针不戳！,视频链接：https://www.youtube.com/watch?v=MBknXEIhx4s,9/14/2020,"生活, 学习, 游戏, 直播",出自CSGO主播茄子参加小象互娱团建活动是说出的话：“针不戳，住在山里针不戳”。因为主播普通话不太好，其实是真不错的意思。,https://baike.baidu.com/item/%E9%92%88%E4%B8%8D%E7%BB%B0?fromtitle=%E9%92%88%E4%B8%8D%E6%88%B3&fromid=54212339,fahygao,“真不错”的谐音。,,
5/26/2021 15:21:48,社死,小词的小孩因为没换尿不湿直接尿到地铁上：小词当场社死。,,2/18/2021,"生活, 学习",出自美国作家托马斯·林奇1997年创作的书《殡葬人手记》，书中有一段对死亡种类的描写，摘自原文：“死亡有多重意义。听诊器和脑电波仪测出的，叫‘肌体死亡’；以神经末端和分子的活动为基准确定的，叫‘代谢死亡’；最后是亲友和邻居所公知的死亡，‘社会性死亡’。”现在该梗词有借鉴且结合社会实情之意。,https://baike.baidu.com/item/%E7%A4%BE%E6%AD%BB%E7%8E%B0%E5%9C%BA,fahygao,直意为社会性死亡。指当众表现或被揭露很糗的事情，程度可轻可重。,,
5/26/2021 15:26:36,气氛组,小词表示：没有气氛组聚会都没趣。快点请我出去玩呀～,,8/16/2019,"生活, 直播, 蹦迪",出自酒吧内常有的一份工作，具体工作内容就是营造现场的气氛，让现场更嗨。,https://jikipedia.com/definition/450484649,fahygao,意为营造气氛的人。现在可用在任何场合，用来形容活跃气氛、带动气氛的人。,,
5/26/2021 15:39:29,吉吉国王,看到队友的猴子死了10词后，小词用两分钟挂机打字评论道：“明明开局说自己会跳棍的结果没想到是个吉吉国王，哼”,,6/25/2019,"生活, 游戏, 直播, 二次元",出自动画片《熊出没》里的人物设定。因为其中一角色“吉吉国王”黄色毛发、超大嘴巴的独特造型和各种奇特行为，被大家熟知。,https://jikipedia.com/definition/228740467,fahygao,形容长相怪异、行为奇特类似《熊出没》里吉吉的人或者事物称为“吉吉国王”。,,https://drive.google.com/open?id=1ZvgrbtbRW2HDt9j9rvUwJZjBCWHrQskS
5/26/2021 15:50:59,懂王,看完2016年的美国总统竞选辩论后，小词表示：“没有比特朗普更懂的懂王了。”,（最好后来做个视频集锦）,4/29/2020,"生活, 直播",出自疫情期间网友对特朗普的调侃，来源于他在推特发的一则消息：“没有比我更懂法院了。“,https://jikipedia.com/definition/536291414,fahygao,指美国前总统特朗普。现在形容同类口无遮拦，过度自信，经常对很多领域都表示了解的人。,,
5/26/2021 16:00:42,小丑竟是我自己,小词面对暧昧4年的对象却跟别人在一起的事情表示：“她之前跟我说只对我有感觉的，但小丑竟是我自己。”,,12/23/2020,"生活, 学习, 游戏, 直播",出自网友对2020年网络流行语”高人竟在我身边“的引申，前者表相用来称赞实则嘲讽别人，后者用来自嘲。,https://baike.baidu.com/item/%E5%B0%8F%E4%B8%91%E7%AB%9F%E6%98%AF%E6%88%91%E8%87%AA%E5%B7%B1,fahygao,意为生活不如意却还要努力保持微笑的人，常用来比喻卑微的舔狗。,,https://drive.google.com/open?id=1q1i05JSGDi7w1Q-rwNzdKHIF8g2FHTZh
5/26/2021 16:08:16,耗子尾汁,“年轻人不讲武德、你们耗子尾汁！” --马bao guo,(最好有原视频),1/5/2020,直播,出自浑元形意太极拳掌门人马保国在一次视频中，因为被打展开对两个年轻人的痛斥：“年轻人不讲武德、你们耗子尾汁！”，因为他的人物形象和方言的偏差感颇有喜剧性，被网友疯转。,https://jikipedia.com/definition/161896796,fahygao,“好自为之”的谐音，方言在特定的场合说出来颇有喜感。,,https://drive.google.com/open?id=1oWVQLx9KUgyBb6MPHMWVuHxsQplqIul1
5/26/2021 16:17:16,天空是蔚蓝色，窗外有千纸鹤。,"（情景）：小明终于买到了排队20分钟的冰淇淋，然后在他兴奋跑到妈妈身边的时候，掉到了地上。
此情此景：天空是蔚蓝色，窗外有千纸鹤。",最好有歌曲视频,1/21/2021,"生活, 游戏, 直播, 二次元",出自蜡笔小心的歌曲《Mom》。这句歌词是歌曲的高潮部分，好唱容易记住且旋律悠扬。本来是表达一种悠闲的、淡淡伤感的心境，但很多视频博主将其剪辑到自己的视频里，让观众慢慢体味一下这份淡淡的伤感，从而达到喜剧的节目效果，例如b站up主三十六贱笑（在他的“课堂请勿对对子”系列中频繁出现）。,https://jikipedia.com/definition/511332309,fahygao,形容不符合预期、令人尴尬的事情突然发生。,,https://drive.google.com/open?id=1E2XksA25EfsaEdHHcSxRs9iCmNxOZgsj
5/27/2021 16:35:12,那我走？,小张一直嫌弃自己的小狗长相不如别的狗，终于有一天狗狗说话了：“我丑吗？那我走？”,,5/1/2021,"生活, 其他, 直播",出自一个网友发的视频。该网友与网恋女友初次见面，发现对方长相和照片偏差过大，一时间无法接受。女方随即说：”我很丑吗？那我走？“。,http://www.baidu.com/s?ie=utf-8&f=8&rsv_bp=1&rsv_idx=1&tn=baidu&wd=%E9%82%A3%E6%88%91%E8%B5%B0&fenlei=256&rsv_pq=b557291b0004755a&rsv_t=866a8BtncZ6cXKq8v79JoweM0a9xzXUZVcNNQcKsWOfXmjrwiPHUJlyNmos&rqlang=cn&rsv_enter=1&rsv_dl=tb&rsv_sug3=19&rsv_sug1=1&rsv_sug7=100&rsv_sug2=0&rsv_btype=i&prefixsug=%25E9%2582%25A3%25E6%2588%2591%25E8%25B5%25B0&rsp=4&inputT=3012&rsv_sug4=3013,eriche,表达一种我不想走但我很尴尬可能只能走的意思。,,https://drive.google.com/open?id=1LJbBOi1ul_SYp9C1WYx115Bw2jBbS5qL
5/27/2021 18:55:35,奥利给,“没毛病，干就完事儿了，奥利给！”--冬泳怪哥,,6/1/2016,"生活, 学习, 直播",来自视频软件快手上的“双叶湖雷哥”，在他的视频中都会有“奥利给v给啊”，这么一句口头禅，经过他本人的解释就是给力。 而因为其形象和这句话的搞笑语气，“奥利给”便被粉丝们广泛用在视频中。,https://www.zhihu.com/question/359842818/answer/927565020,ellalala,“给力噢”的倒写，作为感叹词，给力的意思，包含了赞美、加油打气等多种感情色彩。,,视频链接：https://www.bilibili.com/video/BV1R4411G7Tp/?spm_id_from=333.788.recommend_more_video.-1          朝阳冬泳怪鸽：https://www.youtube.com/watch?v=WO8mrVjW0-c
5/27/2021 19:59:53,打工人,明天我就开始搬隔壁村的砖变成打工人了。,（多加些有意思的例句）,9/1/2020,"生活, 工作",出自于社交软件快手上的“抽象带篮子”用户，他用黑色幽默的方式故意吹捧自己打工人、保安、大专生的身份，之后在互联网被广泛运用。,https://baike.baidu.com/item/%E6%89%93%E5%B7%A5%E4%BA%BA/54050409?fr=aladdin,eriche,打工人，为现在很多上班族的自称。一句“你好，打工人！”是年轻人对于生活重担的调侃。,,
5/27/2021 20:09:49,时间管理大师,“时间不在于你拥有多少，而在于你怎样使用。”  ----时间刺客 罗志祥,,4/20/2020,"生活, 饭圈",出自网友讽刺罗志祥与多名女性交往，频繁劈腿归功于其出色时间管理能力。,https://baijiahao.baidu.com/s?id=1670350137915690330&wfr=spider&for=pc,eriche,用来称赞罗志祥先生一流的时间管理能力，并且每件事情都安排的井井有条，保证不撞车。,,
5/27/2021 22:50:40,硬核,小词打滴滴居然打来了一辆卡车，太硬核了。,,4/26/2018,"生活, 学习, 游戏, 直播, 二次元, 国风, 体育, 数码, 饭圈，旧词新义",出自朋克摇滚里最狠的一种风格，后衍生出各种核类音乐；之后出圈，被各圈层的人用来强调很厉害的事物。,https://baike.baidu.com/item/%E7%A1%AC%E6%A0%B8/22543671,fahygao,意为面向核心受众，有一定难度和欣赏门槛的事物。形容很厉害、很酷、很彪悍、很刚硬的事物。,,
5/27/2021 22:54:59,996,小词一直对马云的话念念不忘：“996已经不算什么了，最吓人的是007。”,,2/2/2019,生活,出自2016年10月互联网公司58同城被曝出的全员“996”工作制度。该公司具体规定工作时间从早9点到晚9点，一周上6天班，且没有补贴或者加班费，也不允许请假。,https://baike.baidu.com/item/996%E5%B7%A5%E4%BD%9C%E5%88%B6/19940031?fromtitle=996&fromid=19958311,fahygao,“996”指工作时间从早上9点到晚上9点，一周工作6天，代表着中国互联网企业盛行的加班文化。,,
5/27/2021 22:59:11,吃瓜,小词因为围观两个商贩打架而不小心被其中一个人无伤，在救护车上小词表示：“我只是来吃瓜的。”,,12/17/2018,"生活, 游戏, 直播, 饭圈",出自梗词“吃瓜群众”，是由戏院火车上推售等地“前排出售瓜子，前排吃瓜子，前排吃瓜”广告词演变而来的。后来在多数表情包中这个“瓜”由瓜子演变成了西瓜。,https://baike.baidu.com/item/%E5%90%83%E7%93%9C/23207905,fahygao,直译为“吃瓜群众”。形容一种不关己事、不发表意见仅围观的状态。,,
5/27/2021 23:02:47,吃瓜群众,面对为什么别人打架但小词被打伤的事情，其他群众对警察表示小词真的只是个不明真相的吃瓜群众。,（最好有图片）,7/18/2016,"生活, 游戏, 直播, 国风, 体育, 数码, 饭圈",出自2016年网络论坛上，网友对人们发帖讨论问题，后面排队跟帖，不着边际地闲扯的人的统称，因为他们的常用语就是“前排出售瓜子”“前排吃瓜子”。,https://baike.baidu.com/item/%E5%90%83%E7%93%9C%E7%BE%A4%E4%BC%97,fahygao,形容围观某事物的人们，表示表示一种不关己事、不发表意见仅围观的状态。,,
5/27/2021 23:08:49,逆行者,小词代表广大网友表示：“疫情期间的每一位逆行者都是值得被歌颂的！”,,8/12/2015,生活,出自2015年8月12日的天津仓库爆炸事件。当晚，中国天津滨海新区发生危险品仓库爆炸事故，所有人往外跑，而消防员第一时间冒着险情逆行进入火场，逆行者指的是勇于向前的消防员。他们也因而被称作“世界上最帅的逆行者们”。后于2020年用来指无数奋战抗击新型冠状病毒第一线的医务工作者们。,https://www.sohu.com/a/371656269_521217,fahygao,形容在困难面前逆向而行的人。,,
5/27/2021 23:13:58,后浪,小词面对目前社会对于90后的质疑声说道：“后浪们崛起吧！祖国的未来就靠你们了！”,（最好有机会拿到b站视频的转发权限）,5/3/2020,"生活, 学习, 饭圈",出自“长江后浪推前浪，世上新人换旧人”。本意指晚辈，一般指90后、00后，因2020年五四青年节前夕bilibili弹幕网的短视频《后浪》而走红。,https://jikipedia.com/definition/376950840,fahygao,直意指晚辈，但在目前使用过程中词意范畴从宽幅走向窄幅，成为特指部分群体80，90后的名称。,,
5/27/2021 23:21:35,锦鲤,在中招考试的前一天，小词在家花一天时间摆了一个求锦鲤阵，嘀咕道：“求锦鲤来让我升学成功。”,（最好有图片）,12/30/2013,"生活, 学习, 游戏, 国风, 旧词新义",出自2013年，一条来自账号“锦鲤大王”的“关注并转我子孙锦鲤图者，一月内必有好事发生”的微博一夜爆红。该条微博转发量达920多万，评论量250多万。,https://baike.baidu.com/item/%E9%94%A6%E9%B2%A4/23188817#viewPageContent,fahygao,意为一切跟好运相关的事物，美好富贵的象征。,,
5/27/2021 23:27:57,小目标,每天搬砖的小词表示：“王叔的小目标是我一辈子的梦想。”,,8/30/2016,"生活, 学习",出自万达集团董事长王健林之口。他在《鲁豫有约大咖一日行》中谈到“很多年轻人想当首富”的话题时表示：“想做世界首富，这个奋斗的方向是对的，但是最好先定一个能达到的小目标，比如我先挣它1个亿。”,https://baike.baidu.com/item/%E4%B8%80%E4%B8%AA%E4%BA%BF%E5%B0%8F%E7%9B%AE%E6%A0%87/19950313?fromtitle=%E5%B0%8F%E7%9B%AE%E6%A0%87&fromid=20161517#viewPageContent,fahygao,意为是普通人难以达到的“大目标”，多含讥讽和自嘲的意味。,,https://drive.google.com/open?id=1PoQ5Cs7ZaVLjOuHC21dyzu3Cd6hfy3u7
5/27/2021 23:34:07,葛优躺,对小词有好感的女生问他晚上干什么，小词想都没想直接表示：“我这工作一天回家必定葛优瘫啊。”,,8/15/2016,"生活, 游戏, 直播",出自演员葛优在1993年情景喜剧《我爱我家》第17、18集里面的剧照姿势。《我爱我家》讲述了葛优饰演的“二混子”季春生，去贾家蹭吃蹭喝的故事。,https://baike.baidu.com/item/%E8%91%9B%E4%BC%98%E8%BA%BA,fahygao,又名“葛优瘫”，直意为“从椅子上出溜下去”的姿势。形容自己的“颓废”的状态。,,https://drive.google.com/open?id=15k0vVk1aClbRxs8WzybjfBXtiqBLeCXF
5/27/2021 23:46:13,007,007的工作模式就是当代年轻人的现状。,,3/1/2020,"生活, 学习",出自马云在一次阿里巴巴内部交流活动上对员工们说，“能做996是一种巨大的福气，很多公司、很多人想996都没有机会。如果你年轻的时候不996，你什么时候可以996?” 随后从“996”引申成“007”的工作模式。,https://baike.baidu.com/item/007%E5%B7%A5%E4%BD%9C%E5%88%B6/24601022?fromtitle=007&fromid=56316955,fahygao,直意为一种比996更狠的弹性工作制。从0点到0点，一周7天不休息。俗称24小时。,,
5/28/2021 0:29:12,柠檬精,当身边全都是情侣的时候，一只柠檬精悄悄的路过。,,1/5/2019,"生活, 游戏, 饭圈",出自电竞圈，用来形容某一战队的一名不理智的女粉，因为其他战队获得了较好成绩，说出了一些酸气十足的话语。,https://baike.baidu.com/item/%E6%9F%A0%E6%AA%AC%E7%B2%BE,ellalala,直译为“柠檬成精”。描述一些嫉妒心很强，容易被酸到，并且见不得别人比他好的人。因为柠檬很酸所以跟容易嫉妒的人交往感觉跟吃柠檬一样。主要组成部分为单身人士，多用于自嘲式地表达对他人的羡慕。,,https://drive.google.com/open?id=177eI4ejzArBBxhyBqzh23HyO_KScyC5M
5/28/2021 0:51:40,雨女无瓜,"小蓝：""为什么你老是戴着面罩啊？"" 游乐王子：“雨女无瓜。”",,5/24/2019,"生活, 饭圈",出自电视剧《巴啦啦小魔仙》中游乐王子的经典台词。因为游乐王子的普通话带有口音，他的这句 “与你无关”，加上他高冷的人设，被网友做成了“雨女无瓜”的表情包，用来调侃别人。,https://baike.baidu.com/item/%E9%9B%A8%E5%A5%B3%E6%97%A0%E7%93%9C/23522249,ellalala,“与你无关”的方言谐音。,,原视频：https://www.bilibili.com/video/BV1L4411M7DW/
5/28/2021 1:26:07,骚瑞,“迪丽热妈，丑笔畅，赵立弄，骚凹瑞~” --朱丹,,12/11/2019,"生活, 饭圈",出自主持人朱丹在Cosmo颁奖典礼上的口误，她在台上采访嘉宾的时候把“古力娜扎”叫成了“迪丽热妈”后尴尬的转过身说出了一声“骚瑞～”。她后来又一连串的叫错了几位女星的名字，最后又把“热巴”叫成了“娜扎”。,https://jikipedia.com/definition/16470660    ,ellalala,“Sorry (对不起)” 的谐音，后来又意为不好的东西，不好的事情，失态，失去控制等等。,,https://www.bilibili.com/video/BV1KJ411B7hC/?spm_id_from=333.788.recommend_more_video.4
5/28/2021 1:36:59,嘤嘤嘤,小词在家天天这样对她的男票说道：“嘤嘤嘤，你整天都忙着工作，没时间陪人家玩 ;-;”,,2/1/2017,"生活, 直播, 二次元",出自一段网络聊天：(｡·ˇ‸ˇ·｡)哼! 都怪你 (`ȏ´) 也不哄哄人家(〃′o`)人家超想哭的，捶你胸口，大坏蛋！！！(￣^￣)ゞ咩QAQ捶你胸口 你好讨厌！(=ﾟωﾟ)ﾉ要抱抱嘤嘤嘤哼，人家拿小拳拳捶你胸口！！！(｡· ^·̀｡)大坏蛋，打死你(つд⊂)。,https://baike.baidu.com/item/%E5%98%A4%E5%98%A4/22315201,ellalala,表示委屈哭泣的声音（多带卖萌属性）。,,https://drive.google.com/open?id=19mK8eXI2oNbgibGPJcb0-pX2StrTpv9u
5/28/2021 1:52:23,我不要你觉得，我要我觉得,甲方：“我觉得你做的这个不行” 乙方：“我不要你觉得，我只要我觉得”。,,8/16/2019,"生活, 直播, 饭圈",出自于2019年暑期热播的综艺节目《中餐厅第三季》中嘉宾黄晓明的经典语句。节目中，当另一名嘉宾杨紫手指受伤觉得不用去医院的时候，黄晓明说：“我不要你觉得，我要我觉得！”,https://baike.baidu.com/item/%E6%88%91%E4%B8%8D%E8%A6%81%E4%BD%A0%E8%A7%89%E5%BE%97%EF%BC%8C%E6%88%91%E8%A6%81%E6%88%91%E8%A7%89%E5%BE%97,ellalala,表现出不顾及其他人的意见，过度自信及独断专行的特点，通常用于描述性格霸道的人。,,
5/28/2021 17:41:55,不会吧不会吧,小词唱国歌的时候被口水噎住了，同桌小黄赶紧说道：“不会吧不会吧，不会真的有人不知道国歌怎么唱吧。”,（最好有图片解释）,5/4/2020,"生活, 游戏, 直播, 饭圈",出自游戏主播山泥若。被别人恶心到时，他就会说：“嗷，嗷，别恶心我” 恶心别人时就会说：“不会真有人XXX吧”。山泥若经常使用这句话恶心别人，由于他的粉丝有很多是嗨粉，造梗传梗能力一流，把这句话传播出去了。,https://www.zhihu.com/question/381847765,fahygao,反问的语气词，表达自己对某些事情的否定和质疑。恶俗语境下，经常连用。加急语气可以表达直接否定或反讽。,,
5/31/2021 19:33:56,awsl,小词看到猫猫：“awsl，这只猫猫也太可爱了吧～”,,5/4/2018,"生活, 直播","出自2018年5月，因著名Virtual Youtuber物述有栖的可爱声线，在许多中文翻译视频中出现""啊，我死了""的弹幕。后因虚拟主播白上吹雪具有类似特征，粉丝在她的视频与直播平台中大规模刷起“awsl”的弹幕。",https://baike.baidu.com/item/AWSL/23306199#reference-[2]-23848763-wrap,fahygao,“啊我死了”的拼音首字母缩写。一般用来形容看到可爱的事物时激动的心情；如今已遍布令人感到开心幸福的场景中。,,
5/31/2021 19:42:55,油管,小黄偷偷告诉小词：“油管是用来看视频的你敢信！”,,2/15/2005,"生活, 学习",出自网友对Youtube的直译理解。因为读音You读作“油”，而tube的英文意思是“管子”，所以“油管”由此得名。,https://www.google.com/search?q=youtube+%E7%99%BE%E5%BA%A6&oq=youtube+%E7%99%BE%E5%BA%A6&aqs=chrome..69i57j69i64j69i60.4251j0j4&sourceid=chrome&ie=UTF-8,fahygao,美国视频网站Youtube的俗称。,,https://drive.google.com/open?id=1QJcBrjTLvueSgncKnugZMAC5TNO5FUZG
5/31/2021 19:47:54,优兔,小词对小黄说道：“优兔是用来看视频的？”小黄表示：“是啊！我之前不是跟你说油管是看视频的吗？”,,2/15/2005,"生活, 学习, 直播",出自网友对Youtube的读音直接中文翻译。因为读音Youtube跟“优兔”几乎一模一样，所以因此得名。,https://baike.baidu.com/item/YouTube,fahygao,美国视频网站Youtube的谐音。,,https://drive.google.com/open?id=1tILtecSkBqMhbdzWP_1q5rqDCLi2TmvA
5/31/2021 22:26:52,网红,小词小时候跟妈妈说长大后想当网红，结果被打了一顿后只想当科学家。,,12/1/1997,"生活, 游戏, 直播, 二次元, 饭圈",出自社交软件，大家对网络上有名气人士的称呼。最早可回溯到1997年第一个社交媒体平台SixDegrees.com的出现。,https://zh.wikipedia.org/wiki/%E7%B6%B2%E7%B5%A1%E7%B4%85%E4%BA%BA,fahygao,网络红人的简称。一般指因网络而走红的人。,,
5/31/2021 22:35:49,cpdd,每天小词玩王者荣耀前总有个改不掉的习惯：打开讨论圈，娴熟地打上：cpdd，我王者贼强！,,6/26/2019,"生活, 游戏, 直播",出自电竞圈，因泛滥于众多网游游戏大厅中所以没有具体的出处，但在手游王者荣耀中尤为普遍。,https://www.zhihu.com/question/63794652,fahygao,”CP滴滴“的首字母缩写，意为”找个人处对象，有意请联系我“。,,
5/31/2021 22:46:11,笑yue了,小词表示：“看了词堂这些搞笑的解释，我是真的笑yue了。”,,9/24/2020,生活,出自山东方言，“yue”指是干呕的意思；有呕吐的动作，但没有吐出来东西的情况。,https://www.zhihu.com/search?type=content&q=%E7%AC%91yue%E4%BA%86,fahygao,直译为笑到发出“哕”（呕吐）的声音，笑到吐了。通常表示很好笑的事情，也可用来表示反讽。,,
5/31/2021 22:51:39,xswl,小词每次看完德云社后脑子里唯一的感慨：“郭德纲的相声表演真的xswl哈哈哈哈哈”,,11/17/2016,"生活, 游戏, 直播",出自饭圈，源于饭圈网民对明星相关的搞笑事件评论，后来出圈广泛进入大众视野。,https://baike.baidu.com/item/xswl,fahygao,“笑死我了”的首字母拼音缩写。用于对搞笑事件的简单评论。,,
5/31/2021 22:58:45,友友们,50岁的小词每天清晨6点准时起床，他不是为了迎接太阳而是要做第一位在老友麻将群里打“友友们，早上好。”的人。,（最好配一个中老年的土味视频）,6/4/2020,"生活, 直播",来自于快手中，中老年人群体在直播时的说法。网友对这种卖萌不能反成梗的土味称呼进行支持与模仿；随后蔓延至其他各大社交网络。,https://www.mum.cc/q/11502,fahygao,“朋友们”的同义说法。,,
5/31/2021 23:05:28,舔狗,小词不敢相信为什么会有那么多人喜欢小黄，他决定探索下这舔狗努力背后存在的毅力与恒心。,,5/4/2016,"直播, 体育, 饭圈",出自于2016年百度贴吧，网友对疯狂热脸贴冷屁股的人的称呼，后来演变成一种常用的吐槽语被大家所熟知与使用。,https://baike.baidu.com/item/%E8%88%94%E7%8B%97/22893799,fahygao,形容具体的一类人：对方对自己没有好感的情况下，还一如即往地放下尊严地用热脸去贴冷屁股的人。,,
6/1/2021 16:26:46,火钳刘明,从前喜欢贴吧的小词天天在觉得好笑的帖子下面评论：“此贴必火，火钳刘明。”,,8/6/2013,"生活, 游戏, 直播",出自百度贴吧，网友发帖时，由于输入法的缘故，在输入“火前”的时候出现的是“火钳”，所以为了方便，“火前留名”也就变成了“火钳刘明”。 ,"https://baike.baidu.com/item/%E7%81%AB%E9%92%B3%E5%88%98%E6%98%8E#:~:text=%E7%81%AB%E9%92%B3%E5%88%98%E6%98%8E%E6%98%AF%E4%B8%80%E4%B8%AA,%E5%B8%96%E6%B7%B7%E4%B8%AA%E8%84%B8%E7%86%9F%E3%80%82",fahygao,“火前留名”的的谐音。指在帖子火之前留下自己的名字。,,
6/1/2021 16:33:54,不明觉厉,小词面对远渡重洋回来的小高，在对方说英文自我介绍后非常敬佩地表示：“这小伙的法语真的不明觉厉。”,,5/4/1996,"生活, 游戏, 直播, 二次元, 体育, 数码",出自1997年电影《食神》中的角色对白，史蒂芬周（周星驰）向其他人讲解讲解撒尿牛丸从开分店到上市，鹅头（李兆基）说：“虽然不明白他在说什么，但听了觉得很有意思。” 后来因为字面的直观性，被网友广泛使用。,"https://baike.baidu.com/item/%E8%99%BD%E4%B8%8D%E6%98%8E%EF%BC%8C%E4%BD%86%E8%A7%89%E5%8E%89/5455579#:~:text=%E2%80%9C%E8%99%BD%E4%B8%8D%E6%98%8E%EF%BC%8C%E4%BD%86%E8%A7%89%E5%8E%89,%E7%BD%91%E7%BB%9C%E5%8F%91%E8%A8%80%E8%80%85%E5%B9%BF%E6%B3%9B%E4%BD%BF%E7%94%A8%E3%80%82",fahygao,又名“虽不明，但觉厉”。意为虽然不明白，但是感觉很厉害。表示对高手的崇拜或吐槽对方过于深奥。,,
6/1/2021 16:42:34,我就笑笑不说话,小词对于小黄的行为非常不满，表示：“你拿了个进步奖就到处炫耀，我就笑笑不说话。”,（最好有一个合适的表情包配合）,2/13/2014,"生活, 游戏, 直播, 体育, 饭圈",出自于社交软件的评论区，因为在各大社交网络该用语或相匹配表情包过于普遍，所以没有明确的出处。不过，其使用频率在社交软件qq空间内尤其居多。,https://hinative.com/zh-CN/questions/4981372,fahygao,意为无语或不同意观点但也不屑争执的态度，具有一定嘲讽的意味。,,
6/1/2021 20:14:25,PUA,他这么讨人喜欢有可能是个PUA,,5/1/2004,生活,出自于美国上世纪70年代的搭讪文化，全称“Pick-up Artist”，原意是指“搭讪艺术家”；后来传入国内，从最早的学科向定位发展成现在的生活吐槽常识。 ,https://baike.baidu.com/item/PUA/5999185?fr=aladdin,eriche,“Pick-Up-Artist”的首字母缩写。形容一些男生用演练好的社交技巧和自我包装吸引女性，使女性快速与自己产生情感联系乃至发生关系的人。,,
6/1/2021 20:20:59,人艰不拆,"甲：“看，女神在看我呢”
乙：“去，女神在看你后面的广告呢，就你屌丝样”
甲：“人艰不拆啊！”",,7/9/2013,"生活, 学习, 直播，饭圈",出自林宥嘉演唱的歌曲《说谎》，具体歌词为“别说我说谎，人生已经如此的艰难，有些事情就不要拆穿”。后来在被暴走大事件与诸多网友引用后，引申成为“人艰不拆”。，意思是“楼主直接说出了一个事情的真相，只是让人一时无法直接面对”。,https://baike.baidu.com/item/%E4%BA%BA%E8%89%B0%E4%B8%8D%E6%8B%86/4764952,eriche,直译为“人生已经如此的艰难，有些事情就不要拆穿”，多用来自嘲或形容他人悲催的遭遇。,,
6/1/2021 20:23:49,注孤生,屌丝注孤生。,,1/1/2012,生活,出自哥伦比亚作家加西亚·马尔克斯创作的《百年孤独》，后被引用到暴走漫画的“Forever alone”表情上，引得网友疯传。,https://baike.baidu.com/item/%E6%B3%A8%E5%AE%9A%E5%AD%A4%E7%8B%AC%E4%B8%80%E7%94%9F/4860564?fromtitle=%E6%B3%A8%E5%AD%A4%E7%94%9F&fromid=12426142,eriche,形容某人一辈子没有伴侣只能一个人生活，多用于调侃。,,
6/1/2021 20:26:21,无图言屌,通常是网友发现一篇帖子，帖子大篇幅讲述相关种种，却没有当事人或物品的照片，网友便跟帖说“无图言屌”,,3/4/2010,"生活, 游戏",出自于“无图无真相”的梗词。相关派生语包括“有图有真相”、“有图有JB”、“我裤子都脱了，你就给我看这个？”等。另有中式英语版本；“You say a JB without a picture!”和“You say a d*ck with no picture!”,https://baike.baidu.com/item/%E6%97%A0%E5%9B%BE%E8%A8%80%E5%B1%8C,eriche,该词是“没图你说个XX”和“没图你说个锤子”的缩略形式，一般用作于百度贴吧或者论坛。,,
6/1/2021 20:29:23,然并卵,反手摸肚脐其实是一个然并卵的游戏啊!,,1/10/2015,"生活, 游戏",出自斗鱼游戏主播Mr.Quin解说游戏黑暗之魂2时的一句，被B站UP主王老菊的游戏解说所引用而发扬光大，后被暴走大事件的《质检leader张全蛋怒揭电视机行业内幕》让该短句迅速走红,https://baike.baidu.com/item/%E6%97%A0%E5%9B%BE%E8%A8%80%E5%B1%8C,eriche,该词是“然而并没有什么卵用”的缩略版本。表达的意思如同字面意思，指一些事物看上去很复杂很高端，但却没有实质性的效果，或者得不到理想的收益；多用来表达无奈、调侃之情。,,
6/1/2021 20:31:56,城会玩,看看网上国外的那些恶搞的视频，真是城会玩。,,4/1/2015,生活,出自于第68届戛纳电影节开幕时，张馨予走红地毯时的着装如同花纹繁多的棉被而被网友讽刺。,https://baike.baidu.com/item/%E4%BD%A0%E4%BB%AC%E5%9F%8E%E9%87%8C%E4%BA%BA%E7%9C%9F%E4%BC%9A%E7%8E%A9?fromtitle=%E5%9F%8E%E4%BC%9A%E7%8E%A9&fromid=17891100,eriche,“城里人真会玩”的简写，讽刺某些人做事无法理解。,,
6/1/2021 20:34:24,兰州烧饼,兰州烧饼 （ 楼主SB)，这是什么破贴。,,8/1/2015,生活,出自百度贴吧上的评论，一位网名叫“毒死狗熊”的百度吧友在WOW（魔兽世界）贴吧发帖子问“LZSB”是什么意思，另一位百度吧友回复了四个字“兰州烧饼”，因为在输入法中按“LZSB”会打出兰州烧饼，所以成此故事。,https://zh.wikipedia.org/wiki/%E4%B8%AD%E5%9B%BD%E5%A4%A7%E9%99%86%E7%BD%91%E7%BB%9C%E7%94%A8%E8%AF%AD%E5%88%97%E8%A1%A8,eriche,“楼主sb”的首字母缩写变形后词语，表示不赞同发贴人的观点，或对发贴人的人品表示不满，具有讽刺意义和对于楼主智商的鄙视，有辱骂不文明倾向。,,
6/1/2021 20:37:57,520,今年520准备给女朋友送什么礼物？,,5/10/1998,"生活, 国风",出自歌手范晓萱的《数字恋爱》，歌词中写到“520是我爱你000是要 kissing”，随后多位音乐家在生活中不断扩散“520”的含义，也逐渐被大众接受引申成网络情人节；以温馨、浪漫、时尚的形象特点为人所知。,https://baike.baidu.com/item/%E7%BD%91%E7%BB%9C%E6%83%85%E4%BA%BA%E8%8A%82/10111860?fromtitle=520&fromid=8917288,eriche,“我爱你”的谐音，与“我爱你”同yi。,,
6/1/2021 20:41:35,河蟹,这小说里不少内容被河蟹了。,,5/1/2008,生活,出自明朝时期用以讽刺严嵩的民歌《京师人为严嵩语》“但将冷眼观螃蟹，看尔横行到几时”，文中“螃蟹”也被改为“河蟹”，就成了“但将冷眼观河蟹，看尔横行到几时”，后于网络上流行。,https://baike.baidu.com/item/%E6%B2%B3%E8%9F%B9/10292878#viewPageContent,eriche,“和谐”的谐音词。目前不少网站都有关键词屏蔽的功能，比如说脏话、涉及政治、国家领导人等等，这些也常常被网友称作河蟹了。,,
6/1/2021 20:49:58,喜大普奔,他在得知被录取的消息后，可以好好喜大普奔了。,,10/1/2014,生活,出自于社交软件，因为遍布网络，所以具体出处未知。,,eriche,是“喜闻乐见、大快人心、普天同庆、奔走相告”的缩略形式，表示一件让大家欢乐的事情；大家要分享出去，相互告知，共同庆祝。,,
6/1/2021 23:28:27,GG,这次考试肯定GG了。,,7/1/2016,"生活, 游戏",出自于韩国星际比赛，指在竞技游戏（如魔兽争霸、星际争霸、反恐精英、DOTA2等 ）中，纯粹就是习惯性的向对手表示欣赏,https://baike.baidu.com/item/GG/2256001?fr=aladdin,eriche,竞技游戏礼貌用语，“Good Game”的缩写。类似于比武结束后的行礼，意思是“打得好，我认输”。后来也常用于现实生活中表示“失败”的场景。,,
6/1/2021 23:48:14,何弃疗,你这游戏水平，何弃疗。,,7/18/2013,生活，游戏,出自杨永信使用电疗治理“网瘾患者”的对话，,https://baike.baidu.com/item/%E4%B8%BA%E4%BB%80%E4%B9%88%E6%94%BE%E5%BC%83%E6%B2%BB%E7%96%97/8566070?fromtitle=%E4%BD%95%E5%BC%83%E7%96%97&fromid=7745363,eriche,“为何放弃治疗”的缩写。一种调侃的方式，暗指对方奇葩、无法理喻。,,
6/2/2021 1:01:20,dpq,dbq，这饭圈黑话我是真的学不明白。,,4/27/2018,"生活, 游戏, 二次元, 饭圈",出自于饭圈文化，饭圈网民在讨论明星八卦的时候通常为了避免撕逼会采用该明星的名字缩写，从而养成习惯来改写如“对不起”类似的生活用户。,https://zhidao.baidu.com/question/431378777224115844.html,fahygao,“对不起”的拼音首字母缩写，与“对不起”同义。,,
6/2/2021 1:24:41,y1s1,y1s1，这打蛋机买的真的不行。,,7/1/2019,"生活, 游戏, 直播",出自电竞圈的英雄联盟主播“Last炫神”，“有一说一”是他经典的口头禅，粉丝和观众在弹幕中进行刷屏模仿，随后引申成“y1s1”或“u1s1”，并快速出圈被更多的网友所熟知。,http://baijiahao.baidu.com/s?id=1643034416106188988,fahygao,“有一说一”的谐音加首字母缩写，又名“u1s1”。多用于句首，结合语句；增强表达对某件事物的否定或嘲讽。,,
6/2/2021 1:31:56,下饭,你这个操作太下饭了，我已经吃了三碗米饭了。,（可以配上游戏下饭操作视频等）,7/22/2019,"生活, 学习, 游戏, 直播, 旧词新义",出自电竞圈Dota2的主播屠夫阿川，观众和粉丝对他低级失误给予“料得一手川菜”的评价，随后引申成如今的“下饭”，普遍出没于其他电竞游戏，如英雄联盟、CSGO等。,https://baike.baidu.com/item/%E4%B8%8B%E9%A5%AD/24255111,fahygao,直译“太菜了”。多用于调侃某人游戏中操作失误的委婉说辞；本意指非常可口的菜。,,
6/2/2021 1:41:56,割韭菜,这大公司割韭菜时真的从来不费力，赚了盈满盆满。,,9/26/2018,"生活, 金融、旧词新义",出自于金融圈，其中股民”买股票，买了套，套了割，割了买“的反复现象与“割韭菜”的实际情况非常贴切。韭菜具有反复收割的特性，其被反复压榨的过程也被形象的描述为割韭菜。,https://baike.baidu.com/item/%E5%89%B2%E9%9F%AD%E8%8F%9C/9938509?fromtitle=%E9%9F%AD%E8%8F%9C%E8%A1%8C%E6%83%85&fromid=18861122,fahygao,形容资本反复压榨股民，类似于割韭菜行为的金融现象。,,
6/2/2021 1:47:38,韭菜,说白了，哪个股民不是先从韭菜开始的？,,9/26/2018,"生活, 旧词新义",出自金融圈的股市，普遍股票散民都具有与韭菜类似的特征：买股票，买了套，套了割，割了买，反反复复，损失惨重；然而，在韭菜生长盛期，也是可以进行反复压榨割取的。后来也被引入电竞圈，形容被游戏压榨的老玩家。,https://www.zhihu.com/question/296102749,fahygao,一般指被反复压榨或欺骗但仍执迷不悟，不明真相的人。,,
6/2/2021 1:54:05,韭零后,我这股票刚买就套牢了，属实韭零后行为。,,8/28/2018,"生活, 金融",出自于金融圈的基金股票市场，对于“割韭菜”一股民特征与90后的引申组合。现在普遍指待当代的年轻人，缺乏务实心理与投机取巧的心态经常聪明反被聪明误。,https://baike.baidu.com/item/%E9%9F%AD%E9%9B%B6%E5%90%8E/56230242?fr=aladdin,fahygao,“90后”的谐音，指1990年后出生的，购买股票基金后大跌的人；现多用来自嘲。,,
6/2/2021 2:02:50,太会了,这么漂亮的美女都被你追到了，你也太会了吧。,,5/1/2020,"生活, 游戏, 直播, 饭圈",出自台湾方言，台语喜欢以“太。。。了”进行造句，例如：“太猛了”、“太逊了”、“太扯了”等，以此引申出“太会了”的用法。,https://jikipedia.com/definition/673621191,fahygao,指夸赞或反讽某人太擅长某种事物了，多用于形容男生很会把妹或女生很会追男生的情况。,,
6/2/2021 14:06:30,把妹,渣男一般都挺会把妹的。,,12/11/2012,"生活, 游戏, 直播",出自于美国文化，来源于英语单词“Pickup Artist”；最初对该词翻译为把妹高手 。后来随着“把妹”技巧被大众所熟知，逐渐演成了“撩妹”、“PUA”等梗词。,https://www.zhihu.com/question/20545822,fahygao,指通过搭讪，取得女生联系方式，从而进一步往恋爱方向进展。同义“撩妹”，“泡妞”。,,
6/2/2021 20:57:14,肾么事,发生肾么事了？,（最好有马保国说这句话的视频）,5/20/2020,直播,出自于“浑元形意太极门掌门人”马保国的一段自白，在视频中马先生吐槽自己收到无名小辈攻击，但因其带有方言的口音和奇葩的形象令人印象深刻；该视频段时间内被全网疯转，其中“肾么事”等诸多新梗词便来自于此视频。,https://zh.wikipedia.org/wiki/%E9%A9%AC%E4%BF%9D%E5%9B%BD,fahygao,“什么事”的谐音。,,
6/2/2021 21:07:24,我大E了啊，没有闪,我大E了啊，没有闪，谁知道那两位年轻人没有武德。,（最好有说这句话的原视频）,5/20/2020,"生活, 游戏, 直播",出自“混元功法太极门”传承人马保国的一段视频，其中讲述了他受两个年轻人挑战的事情，但因他大意没有闪，所以才被打肿右眼。由于他本人的方言口音奇特以及奇葩的个人形象，视频短时间内红遍网络，其中“肾么事”、“年轻人不讲武德”与“耗子尾汁”等均成为网友新梗。,https://www.zhihu.com/question/428910415/answer/1585672657,fahygao,“我大意了啊，没有闪”的谐音，在此结合了英雄联盟的操作知识，充满调侃韵味。,,
6/2/2021 21:13:49,耗子尾汁,年轻人耗子尾汁啊,,5/20/2020,"生活, 游戏, 直播",出自马保国的一段视频，其中讲述了他受两个年轻人挑战的事情，他在视频中劝年轻人“耗子尾汁”（好自为之），不要轻易挑衅他。由于他本人的方言口音奇特以及奇葩的个人形象，视频短时间内红遍网络，其中“肾么事”、“我大E了，没有闪”等均成为新梗。,https://www.zhihu.com/question/428910415/answer/1585672657,fahygao,“好自为之”的谐音，在原意基础上多增加了调侃的韵味。,,
6/2/2021 23:31:09,阿西吧,阿西吧！我怎么这次考试又考砸了？,,12/1/2013,"生活, 学习, 游戏, 直播, 饭圈",出自韩语词 “아! 씨발!”，这个词的中文形式是靠一波波热播的韩剧火起来的。,https://baike.baidu.com/item/%E9%98%BF%E8%A5%BF%E5%90%A7,ellalala,在中文网络情境下是一种语气感叹词，意思类似于我去，对某一事件或事物感到惊奇、震惊、愤怒等等时说出的话语，属于发泄情感的词语（但在韩语语境中是极不礼貌且粗俗的词汇，请慎用）。,,https://drive.google.com/open?id=1fW2zM933ayiyoXNdMb1PvHnk8k5BVFHC
6/2/2021 23:57:29,看起来那么普通，却那么自信,“你永远猜不透男人的小脑瓜里到底在想一些什么，就是他明明为什么看起来这么普通，但是他却可以那么自信？” ,,8/19/2020,"生活, 饭圈, 脱口秀/综艺节目",出自脱口秀演员杨笠在《脱口秀大会》上吐槽男性的一个段子，原句是：“他明明为什么看起来这么普通，但是他却可以那么自信？”,https://jikipedia.com/definition/673744647#&gid=1&pid=1,ellalala,用来讽刺一些明明很普通却觉得自己非常与众不同的人,,https://www.youtube.com/watch?v=2RDo3yPSZMc
6/3/2021 0:03:41,夺笋哪,疫情都这么严重了还上别人家串门，夺笋啊这人夺笋啊。,,2/7/2020,"直播, 饭圈",出自网络主播 “迷人的郭老师”和她众所周知的迷惑口音， 把多损啊说成了夺笋啊。,https://baike.baidu.com/item/%E5%A4%BA%E7%AC%8B%E5%95%8A/24506998,ellalala,意思是 “多损啊”,,https://www.bilibili.com/video/BV1JE411H7tp/
6/3/2021 0:22:57,妈见打,你这挑食的行为太妈见打了！,,7/11/1905,生活,出自于网友制作的视频或表情包，具体出处不详。,https://www.bilibili.com/read/cv3330877/,ellalala,“妈妈看见了想打人“ 的缩写，形容一个人极其欠揍的行为‌。​‌​‌‌‌​​​‌​​‌,,https://www.bilibili.com/video/av88291317
6/3/2021 0:38:56,冰清玉洁,做人不要太冰清玉洁。,,3/21/2020,饭圈,出自青春有你2中的四胞胎申冰，申清，申玉，申洁四姐妹‌‌，她们因争夺c位时，口上说自己没有偏心，但却又满怀心机的组团互相投票给自己的姐妹，而收到众多网友吐槽。,https://jikipedia.com/definition/607121882,ellalala,用来讽刺一些有心机但表现无辜的人,,https://www.youtube.com/watch?v=zTCPP330Txs
6/3/2021 0:50:22,一起爬山吗,甲：周末一起爬山吗？乙：不不不，不去了。,,6/16/2020,"饭圈, 电视剧",出自电视剧《隐秘的角落》，秦昊在剧中饰演的少年宫代课数学老师张东升，在带岳父母去爬山时，将岳父母推下了山。,https://baike.baidu.com/item/%E4%B8%80%E8%B5%B7%E7%88%AC%E5%B1%B1%E5%90%97/50851564,ellalala,有“把你杀了”的意思，指爬到山顶就把你推下去的死亡邀约。,,https://www.youtube.com/watch?v=tLaAYWDrvMw
6/3/2021 12:32:14,接盘侠,老实人如何避免做接盘侠？,,1/1/2012,"生活, 股市",出自股市交易，意为买进庄家出货的股票。后被引申用于形容大公无私，不计前嫌，愿意牺牲自我，换他人幸福的人 ，,https://baike.baidu.com/item/%E6%8E%A5%E7%9B%98%E4%BE%A0/4314254,eriche,直意为在不知情的情况下被迫接受某种事物（如孩子、股票等）的一类人；也会用于形容男生面对女生放荡不羁的行为后，无奈接受后果，承担责任的人（本词具有性别主义暗示，请慎用）。,,
6/3/2021 19:17:29,三句话让男人为我花了18万,“三句话让男人为我花了18万” 是真的操蛋。,（最好有原视频）,5/20/2021,"生活, 直播",出自抖音以“三句话让男人为我花18万”为主题的短视频，先后多位乔装打扮的“女讲师”讲述自己如何让男人对她们欣赏、动心、掏钱甚至神魂颠倒的场景，但内容文案几乎一模一样。在抖音上受众多网友吐槽与调侃，该标题便随之火了起来。,https://finance.sina.com.cn/tech/2021-05-21/doc-ikmxzfmm3684375.shtml,fahygao,用来调侃华而不实、不尊重自己、爱占小便宜的部分女性（具有性别主义暗示，请慎用）。,,
6/3/2021 19:30:49,狗血,花了一下午看完一部烂尾的三流动漫的小词大喊：“这剧情太狗血了吧！”,,4/1/2019,"生活, 电视剧, 直播, 旧词新义","出自梨园行，就是讲戏曲演员脱离情节而卖弄滑稽、武艺、或作其他过火的表演。中国典故《霸王别姬》中程蝶衣对段小楼说道：""没学过戏，那就别在这儿洒狗血了""。目前“狗血”被网友主要引用于电视剧评论。",https://baike.baidu.com/item/%E7%8B%97%E8%A1%80/5555278,fahygao,指胡扯，夸张，不可思议的意思；多用来形容不切实际、浮夸的剧情的内容；切记目前用法与狗的血没有任何关系。,,
6/4/2021 0:53:05,躺着也中枪,坐这么后排都能被老师叫到，真是躺着也中枪。,,1/1/2019,"生活, 电影",出自周星驰的电影《逃学威龙》里的一句台词。当时双方激烈打斗中，一人装死，然后小兵手一歪向地上发了一枪正中装死的“某人”。于是有经典台词：“ 我靠！ 躺着都中枪！”。,https://baike.baidu.com/item/%E8%BA%BA%E7%9D%80%E4%B9%9F%E4%B8%AD%E6%9E%AA/3802046,eriche,意指自己什么也没做，没招惹别人却被别人言语攻击给击中、给打击了；也指莫名其妙就被别人攻击，无缘无故受炮轰的情况。,,
6/4/2021 2:02:15,囧,今天股票又跌了，真囧。,,1/1/2008,生活,出自从2008年开始在中文地区的网络社群间，网友通过表情符号来抒发感情，从而创造了“囧”一词来形象体现具体的心情。,https://baike.baidu.com/item/%E5%9B%A7/3290328,eriche,意为郁闷、悲伤、无奈、尴尬、困窘。,,
6/4/2021 2:04:09,银,我是好银。,,1/1/2014,"生活, 方言",出自东北、山东等地方言“人”的发音得来。,https://baike.baidu.com/item/%E9%93%B6/8777572,eriche,卖萌用语，“人”的谐音。,,
6/4/2021 2:07:07,坑爹,坑爹的，一上游戏又被骗了NQ币，被骗了游戏装备。,,1/1/2012,"生活, 游戏",出自在《魔兽世界》巫妖王之怒版本开放之前，因为某个游戏漏洞，在新版本未开放，等级上限还未解锁至80级时，一位玩家通过游戏漏洞超越了游戏的最高等级（70级）并升级到71级而闻名于全游戏，而这位玩家的游戏ID就是“坑爹呢这是”。加上坑爹这词调侃味十足，立马火爆各大论坛。,https://baike.baidu.com/item/%E5%9D%91%E7%88%B9/74277,eriche,字面意思是坑爸爸的行为，让爸爸为难。被广泛使用后，引申为“坑人”、“怎么会这样”等意思，用于形容和原本想法出入很大的情况。常用于讽刺、嘲笑或吐槽不满。,,
6/4/2021 2:10:01,毁三观,地球“素颜照”曝光，形状丑陋网友称“毁三观”。,,6/1/2012,生活,出自2012年下半年热乎出炉的网络新鲜词。,https://baike.baidu.com/item/%E6%AF%81%E4%B8%89%E8%A7%82/3847643,eriche,常用来泛指那些颠覆大多数人一般看法的人、事或物。三观在这里不仅仅指世界观、人生观和价值观，也可以是物质守恒、能量守恒等多数促成人们对传统事物既定认识的理论。,,
6/4/2021 2:12:38,基友,好基友嘛，就是必要的时候可以插两刀，然后转头还能搂搂抱抱，哦不，打打闹闹地去玩耍。,,1/1/2013,"生活, 游戏",出自粤语的读音。在英文中，男同性恋的英文单词为“gay”，和粤语的“基”几乎同音，因此就有了“搞基”、“基友”（粤语中称“基佬”）等中文衍生词。,https://baike.baidu.com/item/%E5%9F%BA%E5%8F%8B/21270#1,eriche,本义为男性同性恋者，在网络上通常调侃关系亲密的男性朋友。,,
6/4/2021 2:16:11,宅男,他是一个典型的宅男，天天不出门在家打游戏。,,1/1/2013,"生活, 游戏, 二次元",出自“御宅族”文化里的的“宅男”，由日文舶来词“御宅”衍生而来，日文汉字写作“御宅”。,https://baike.baidu.com/item/%E5%AE%85%E7%94%B7/5457162,eriche,“宅男”在中文中有两种不同涵义，褒贬因人而异。一般大众所说的“宅男”主要指长期足不出户的人，但又混入了许多不同概念。御宅族群体常将一般大众所说的“宅”称为“伪宅”。,,
6/4/2021 2:18:45,元芳体,“你幸福吗？元芳，你怎么看？”,,1/1/2012,"生活, 电视剧",出自于古装侦探系列电视剧《神探狄仁杰》。剧中的狄公经常征求助手李元芳的意见以“元芳，你怎么看？”为结尾，从而借对话引出对案情的分析。李元芳的标准回答有两个，一个是“大人，我觉得此事有蹊跷”，另一个是“此事背后一定有一个天大的秘密。”,https://baike.baidu.com/item/%E5%85%83%E8%8A%B3%E4%BD%93/4988606,eriche,元芳体是一种语言风格，句式为前面陈述一件事情，在最后加上一句“元芳，你怎么看？” ，以表达质疑、嘲讽或公开征询看法。,,
6/4/2021 2:21:30,太监,我最近一直在追的一部小说太监了。,,1/1/2017,生活,出自关于纪晓岚的民间故事。 有一次，纪晓岚在城门口遇到一个太监。太监拦住纪晓岚，不让他走。让他讲个笑话才可以走。纪晓岚说：“从前有个太监，下面，下面......”太监急忙的问：“下面呢？”纪晓岚说：“下面没有了”。,https://baike.baidu.com/item/%E5%A4%AA%E7%9B%91/2664557,eriche,指的是书未写完结就没了，同“断更” （即指：断根）。,,
6/4/2021 2:25:07,查水表,再被查水表，北京8部门约谈Uber和滴滴。,,1/1/2017,生活,出自电视剧《派出所的故事》中，民警办案时为使人开门而谎称身份用的。,https://baike.baidu.com/item/%E6%9F%A5%E6%B0%B4%E8%A1%A8/4439440,eriche,该词语多用于形容当某人做出或做出一种不符合法律法规或破坏社会稳定又或者是某种言论，最后被领导请去约谈的一种情况。如今，这个词语多用来调侃某人说出某种敏感的信息时或将会受到某种处罚。,,
6/4/2021 2:29:18,土豪,他又换车了，真是个土豪。,,1/1/2013,生活,出自《宋书·殷琰传》译为“有钱人”,https://baike.baidu.com/item/%E5%9C%9F%E8%B1%AA/7485669,eriche,旧指城主、地主、财主、乡村中有钱有势的恶霸。现指地方上有钱有势的家族或个人。,,
6/5/2021 2:24:40,女人只会影响我拔刀的速度,虽然俗话说女人只会影响我拔剑的速度，但凭我的实力，还是可以带你上分的,,12/1/2009,"生活, 学习, 游戏, 直播",出自于多部中国古装剧，其中最早的出处为2009年的《仙剑奇侠传三》，剧中重楼对飞蓬将军（胡歌饰）说道“告诉你，那些无用的东西只会影响你拔剑的速度”。后被引申成各种版本，例如“女人只会影响我拔刀的速度”的版本。,https://www.zhihu.com/question/409391490/answer/1633643108,fahygao,表示女人会影响自己打游戏，常用于调侃。,,
6/5/2021 2:36:04,上分,带你上分的难度不亚于登山。,,8/20/2015,"生活, 游戏, 直播",出自于明代吴承恩的《西游记》，其中第二十七回唐僧说到：“出家人若有桃子吃，就为上分了，快去！” 后来主要在电竞圈走火，用来简单概括打怪升级、排位胜利以提高段位和赛事积分。,https://baike.baidu.com/item/%E4%B8%8A%E5%88%86/143209,fahygao,此词多义，在游戏中指通关或胜利后段位上升的结果与状态；在新闻中用来形容崇洋媚外的新闻稿；在某些场合中还指“啪啪啪”的意思。,,
6/5/2021 2:48:32,伏地魔,我每次玩吃鸡别的不怕，就怕伏地魔突然给我一枪。,,9/4/2017,"游戏, 旧词新义",出自于J·K·Rowling的《哈利·波特》，其中最大反派的反派角色中文译名为“伏地魔”。但在PUBG（吃鸡）游戏中，该词因为本身的形象受人熟知，又可以生动地表示“伏在地上的人“的意思，就此广而告之。,https://baike.baidu.com/item/%E4%BC%8F%E5%9C%B0%E9%AD%94/23519803,fahygao,意指游戏中专门趴在某个草丛中或障碍物繁多的地形中，专门偷袭过路人的玩家。,,
6/5/2021 2:53:16,天天鉴刑,天天鉴宝，天天判刑,（最好有相关视频补充）,5/23/2021,其他,出自直播鉴定节目《天天鉴宝》。因为部分网友所鉴定的文物超出国家规定的买卖年限，且部分文物来历不明，价值高昂，在买卖过程中可能涉及违法，所以专家会用判刑的年数来对宝物的价值进行估值。,https://zhuanlan.zhihu.com/p/375178185,fahygao,意为调侃”天天鉴宝”的鉴赏方式。,,
6/5/2021 2:58:08,肿么了,肿么了你这是？,,5/4/2014,"生活, 直播",出自于山东枣庄一带的方言，当地“怎么了”会发音成“肿么了”。随后在2014年的《爱情公寓》中唐悠悠也有一句“肿么了”的台词，随即红遍全网被大家所熟知。,https://baike.baidu.com/item/%E8%82%BF%E4%B9%88%E4%BA%86/6825724,fahygao,“怎么了”的同义谐音词。,,
6/5/2021 3:05:02,酱紫,表酱紫，这样做不好哦！,,1/8/2014,"生活, 直播",出自于福建方言，因为当地的发音特点“这样子”会直接说成“酱紫”，由因台湾主持人经常用“酱紫”表达，令人印象深刻。后来于2010年左右，在社交软件QQ上盛行。,"https://baike.baidu.com/item/%E9%85%B1%E7%B4%AB/3822516#:~:text=%E9%87%8A%E4%B9%89%EF%BC%9A1%E3%80%81%E7%BD%91%E7%BB%9C%E7%94%A8%E8%AF%AD%E2%80%9C,%E8%BF%99%E6%A0%B7%E5%AD%90%E2%80%9D%E7%9A%84%E8%BF%9E%E8%AF%BB%E3%80%82",fahygao,“这样子”的同义谐音词，念的比较快的时候便会成为“酱紫”。,,
6/5/2021 3:11:15,886,不想跟你聊了，886,（最好有当时聊天的截图）,5/4/2000,生活,出自于2000年左右的社交软件QQ平台上，网友简化了“拜拜了”的版本，言简意赅的用“886”来代替。,"https://baike.baidu.com/item/886/570506#:~:text=886%EF%BC%8C%E7%BD%91%E7%BB%9C%E7%94%A8%E8%AF%AD%EF%BC%8C%E6%98%AF%22,MSN%E7%AD%89%E5%8D%B3%E6%97%B6%E8%81%8A%E5%A4%A9%E5%B7%A5%E5%85%B7%E3%80%82",fahygao,“拜拜了”的谐音同义词，表达一种不愿聊下去的意味，等于聊天中突然发的“再见”。,,
6/5/2021 3:17:46,呵呵,"A：“哇我真的好喜欢跟有钱的人做朋友啊”
B：“呵呵”",（最好有2000年当时qq的聊天截图）,5/4/2000,"生活, 直播, 旧词新义",出自于多种版本，其中最早的出处为《晋书·石季龙载记下》：“宣 乘素车，从千人，临韬丧，不哭，直言呵呵，使举衾看尸，大笑而去。”在互联网发展初期被网友广泛使用，但后来意思不断叠加，从单纯的笑，到无奈，到嘲笑均可用“呵呵”一词表示。,https://baike.baidu.com/item/%E5%91%B5%E5%91%B5/34431,fahygao,多指不屑于与对方交流的意思，或表示无奈；也用来表示笑的心情。,,
6/5/2021 13:09:46,腐女,我很喜欢的一姑娘居然是个腐女，天天只想撮合我和我们班另外一个男生？？,,12/11/1980,"生活, 二次元",出自80年代后的日本ACGN文化。一开始被人拿来嘲讽腐女无可救药的意淫幻想，后来日本腐女出于自嘲自虐的意味，干脆从被动变为主动，自己也称自己为腐女。随后在大量日本二次元作品涌入中国后，“腐女”被大众所熟知与接受。,https://baike.baidu.com/item/%E8%85%90%E5%A5%B3/216322?p_sign=a33692a33f0fdcfda578dbf5cc569ded&__pc2ps_ab=9295D9Y3K1Edsnn6jlKr5h3VhIpc%2BkKg%2FX%2BqBNks%2F1yAQkzdj8h%2FvpLR9yIo6fOhxlzo%2BKrGNzWoUkYjnuU5fCj%2BLh%2B5IdS95KvDiFD3j0KGiBgf3QDR07%2B1pXaXucUFiOn1%7C1622912787%7Ca33692a33f0fdcfda578dbf5cc569ded%7Ca33692a33f0fdcfda578dbf5cc569ded,fahygao,指喜欢男生和男生之间爱情的女生，全称“腐女子（ふじょし）”。,,
6/5/2021 13:17:51,直男,人家对你有好感，你却说别人太矮，你这太直男了。,,1/5/2014,生活,出自同性恋圈对某些非男同的称呼，英文里为“Straight”。后来随着“直男”形象在生活中越来越常见，越来越有特点，该词开始破圈被网民大量使用。,"https://baike.baidu.com/item/%E7%9B%B4%E7%94%B7/2699#:~:text=%E7%9B%B4%E7%94%B7%EF%BC%8C%E7%BD%91%E7%BB%9C%E6%B5%81%E8%A1%8C%E8%AF%8D,%E4%B9%9F%E5%B0%B1%E6%98%AF%E5%BC%82%E6%80%A7%E6%81%8B%E7%94%B7%E6%80%A7%E3%80%82",fahygao,原指只对女性产生爱情和性欲的男性。现用来形容男性中思想比较传统、审美模式化、情商低、以自己为中心，甚至出现男权主义的人。,,
6/5/2021 13:21:21,直男癌,你这行为真的属实直男癌，快给人家女孩道歉去,,6/3/2014,生活,出自同性恋圈。起源是男同对某些非男同的称呼为“直男”，后来随着“直男”形象在生活中越来越常见，越来越有特点，引申出“直男癌”等词被网民大量使用。,https://baike.baidu.com/item/%E7%9B%B4%E7%94%B7%E7%99%8C/14593273,fahygao,形容男生自以为是，并伴有漠视女性价值或物化女性的言行。有蔑称与调侃的意味。,,
6/5/2021 14:44:12,逗比,你们班那个谁天天在走廊里边跑边叫，这人就一逗比！,,3/17/2014,生活,出自来源于中国民间故事，相传在很久以前，有一个人名字叫做逗，他武艺很高强，但是逗非常的爱出汗，于是大家都喜欢叫他汗逗。有一天，汗逗要去和一个人比武，但是那一天天气很冷，爱出汗的逗，非常的怕冷，于是他输掉了比武，从此他再也不比武了。而这就是汗逗比武的故事，人们从此就简称逗比。,https://baike.baidu.com/item/%E9%80%97%E6%AF%94,fahygao,直译为“挺逗的二比”，形容某人挺逗、有点可爱、有点中二等；但在特定的语句下，也有鄙视调侃的意味。,,
6/6/2021 16:12:10,夹子,千万别找男夹子当代练了，直接把我送走好吧,,5/14/2021,"生活, 直播",出自网恋交友的平台，一些女生会给对方发嗲的语音，网友称这种人为“夹子”。后续随着陪玩行业的兴起，男代练和女代练都开始学这种说话方式来交流，“夹子”也就没有了性别标签，在游戏陪玩圈中开始流行。,https://baike.baidu.com/item/%E5%A4%B9%E5%AD%90/56993441,fahygao,指那些夹着声音说话装可爱但可能会造成听觉污染的人，女生叫“女夹子”，男生叫“男夹子”。,,
6/6/2021 17:29:48,梗,只要有梗的地方就有笑点。,,3/20/2019,"生活, 学习, 游戏, 直播, 二次元, 国风, 体育, 数码, 饭圈, 其他",出自中文词“哏”的“错别字”。“哏”是相声中的的一种术语，指接话的切入点(如笑点、漏洞、典故等)，但随着各行各业的写手经常误把“哏”写成“梗”，该词便开始在网上流传开来。,"https://baike.baidu.com/item/%E6%A2%97/18780006#:~:text=%E6%A2%97%EF%BC%88%E6%8B%BC%E9%9F%B3%EF%BC%9Ag%C4%9Bng%EF%BC%89%EF%BC%8C,%E5%93%8F%E2%80%9D%E5%AD%97%E7%9A%84%E8%AF%AF%E7%94%A8%E3%80%82&text=%E2%80%9C%E6%A2%97%E2%80%9D%E5%AD%97%E7%9A%84%E8%AF%8D%E4%B9%89%E8%A2%AB,%E3%80%81%E2%80%9C%E5%B9%BD%E9%BB%98%E6%A2%97%E2%80%9D%E7%AD%89%E3%80%82",fahygao,直译指笑点，一般用于流行事物比如综艺、动画剧、动画电影、真人剧、漫画小说、电子游戏等。,,
6/6/2021 17:40:11,淦,淦！堵车堵得又迟到了！,,10/14/2016,"生活, 直播",出自B站的视频字幕。一些B站用户制作视频时，会打上字幕方便观众理解。但为了好过审一点，就会用“淦”代替“干”。,https://baike.baidu.com/item/%E6%B7%A6/23519933,fahygao,是脏话“干”的文明版代替词。原意是指水入船中。,,
6/6/2021 18:35:11,哎 就是玩儿,老师生气了，我不道歉，我就让他气着，哎，就是玩,,9/24/2020,"生活, 直播",出自抖音博主宋富贵，在他所拍摄的短视频里面就包括了“点了拌面偏不动筷子，等着坨”，“下雪天不打雪仗，吃雪球“等以“哎，就是玩”结尾的主题视频。,https://zhuanlan.zhihu.com/p/364192599,fahygao,意为制造一种反差的喜感。通过“有XX 我不XX 我就XX 哎 哎就是玩儿”这种句式造的句子，越是无厘头越是唱反调，喜剧效果越是出色。,,
6/6/2021 19:26:17,虾仁猪心,这小怪杀了没用，还是要多杀点对面英雄，要晓得虾仁猪心。,,9/2/2019,"生活, 游戏, 直播",出自于《后汉书·霍谞传》，其中写道：“《春秋》之义，原情定过，赦事诛意，故许止虽弑君而不罪，赵盾以纵贼而见书” （原意为《春秋》的主张，根据情由定过错，宽容事实惩罚动机，许止虽然杀君，但是无罪，赵盾虽然没有亲自杀君，但他是贼首，所以还是被定为杀君之罪）。后引申至游戏直播圈，并被网友用“虾仁猪心”代替。,"https://baike.baidu.com/item/%E8%99%BE%E4%BB%81%E7%8C%AA%E5%BF%83/23727906#:~:text=%E8%99%BE%E4%BB%81%E7%8C%AA%E5%BF%83%EF%BC%8C%E7%BD%91%E7%BB%9C%E6%B5%81%E8%A1%8C,%E7%9A%84%E5%8A%A8%E6%9C%BA%E3%80%81%E6%80%9D%E6%83%B3%E3%80%81%E7%94%A8%E5%BF%83%E3%80%82",fahygao,是成语“杀人诛心”的谐音词，意为消灭某个人的肉体，不如揭露、谴责这种人的动机、思想、用心；最常用于游戏竞技。,,
6/6/2021 19:29:43,一键三连,看完视频一定别忘了一键三连哦！,,12/24/2018,"生活, 游戏, 直播",出自B站的点赞规则。用户可以通过长按点赞键同时完成点赞、投币、收藏对UP主表示支持。后UP主多用“一键三连”向视频浏览者请求对其作品同时进行点赞、投币、收藏。,"https://baike.baidu.com/item/%E4%B8%80%E9%94%AE%E4%B8%89%E8%BF%9E/24588477#:~:text=%E4%B8%80%E9%94%AE%E4%B8%89%E8%BF%9E%E6%98%AF,%E8%B5%9E%E3%80%81%E6%8A%95%E5%B8%81%E3%80%81%E6%94%B6%E8%97%8F%E3%80%82",fahygao,直译为长按点赞键同时对娱乐作品进行点赞、投币、收藏；可用来形容对作者的赞赏。,,
6/6/2021 19:34:33,UP主,大家好，今天是我第一天当b站up主，请多多指教！,,12/1/2016,生活,出自日本论坛弹幕网站词汇，原称为「アップロード者」，其中「アップロード」即“upload（上传）”的意思，后来随着国内的弹幕网增多，逐渐被大众接受；在B站中最常见。,"https://baike.baidu.com/item/up%E4%B8%BB#:~:text=UP%E4%B8%BB%EF%BC%88uploader%EF%BC%89%EF%BC%8C%E7%BD%91%E7%BB%9C,%E4%BC%A0%E5%85%A5%E7%9A%84%E7%BD%91%E7%BB%9C%E8%AF%8D%E6%B1%87%E3%80%82",fahygao,“UP”是“upload（上传）”的简称，直译为在视频网站、论坛、ftp站点上传视频音频文件的人。,,
6/6/2021 19:36:52,种草,昨天看直播，又被李佳琦疯狂种草了好几只口红。,,12/22/2009,"生活, 直播",出自各类大小美妆论坛与社区，后来又扩散到了微博、微信等社交媒体平台。,https://baike.baidu.com/item/%E7%A7%8D%E8%8D%89,ellalala,表示分享或推荐某一样东西，以激发他人购买欲望的行为；也可以形容对某样东西感兴趣，并产生强烈的购买欲望。,,
6/6/2021 19:50:49,拔草,我看了一位博主用完这款粉底后爆痘了，所以我拔草了,,10/23/2017,"生活, 直播",出自各类大小美妆论坛与社区，后来又扩散到微博、微信等社交媒体平台,https://baike.baidu.com/item/%E6%8B%94%E8%8D%89,ellalala,表示把喜欢的东西买下来或者不再喜欢该物品导致消除购买欲望。,,
6/6/2021 19:56:44,买买买,小明：妈妈，这个可以... 妈妈：买买买！,,12/7/2014,"生活, 直播",出自网友调侃王思聪和爸爸王健林的对话,https://baike.baidu.com/item/%E4%B9%B0%E4%B9%B0%E4%B9%B0/16301297,ellalala,意指全部买下，后也引申为购物。,,
6/6/2021 20:00:14,小老弟,小老弟，这一直不退烧怎么回事？,,12/4/2018,"生活, 直播",出自中国东北方言，在当地是对比自己年轻的男性的一种亲切称呼；后来经过短视频和表情包传播，被大众熟知。,https://jikipedia.com/definition/989630963,fahygao,意为“弟弟”，一般是对年轻人的亲昵称呼，但在特定场合下指比自己实力弱，缺乏经验的人。‌‌。,,
6/6/2021 20:03:23,吃土,我这几天花钱花太多了，看来我下个月只能吃土了,,11/11/2015,生活,出自2015年双十一购物狂欢节之际，随着集中出现的疯狂购物活动，网友开始用“吃土”来自嘲自己的购买度。,https://baike.baidu.com/item/%E5%90%83%E5%9C%9F/18819602,ellalala,意指穷到没钱吃饭只能吃土的进阶，一般用来强调购物的疯狂程度。,,
6/6/2021 20:22:36,求生欲,我男朋友求生欲特别强，昨天吃完饭后跟他说服务员姐姐好好看，他回了一句 “没注意啊，谁啊？”,,12/23/2017,生活,出自综艺节目《三个院子》，节目中嘉宾应采儿问老公陈小春：为什么那么好的女孩子还单身？陈小春答：我不熟，我不懂，被网友调侃求生欲极其强烈。,http://www.ifanjian.net/jbk/qsy.html,ellalala,形容在面对一些“送命题”拷问时能机智应对完美化险为夷的随机应变能力。,,
6/6/2021 20:37:13,死亡芭比粉,男朋友情人节送我的口红颜色简直是死亡芭比粉。,,7/11/2019,生活,出自美妆穿搭界，由于玩偶芭比娃娃的经典唇色玫红色，但这颜色用在黄调的亚洲人肤色上很容易将肤色衬托得发黑发黄，显得土气，因此有了“死亡”的称号。,https://baike.baidu.com/item/%E6%AD%BB%E4%BA%A1%E8%8A%AD%E6%AF%94%E7%B2%89/23615522?fr=aladdin,ellalala,形容饱和度很高的荧光粉或玫红色系，常见于美妆和穿搭语境下。,,https://drive.google.com/open?id=1aZc5s0swaDlzai6gyIKyOospH4wqM5kQ
6/6/2021 22:11:19,曹县,宁要曹县一张床，不要浦东一套房！,（最好有“大硕的”的原视频）,5/20/2021,直播,出自抖音一位名叫“大硕的”的用户，他是山东菏泽曹县人，经常用正宗的曹县话在视频里大喊：山东菏泽曹县 牛逼666 我的宝贝，后因为造型和语句太奇葩，让很多人看完后都过目不忘，随后很多人开始模仿和调侃曹县。,https://www.zhihu.com/question/459480475,fahygao,“世界最强”、“拥有金山银山”、“宇宙最核心”、“中外国人憧憬”的地方。,,
6/7/2021 2:45:10,C位,正所谓“不想当将军的兵不是好兵，不想站C位的明星不是好明星”。,,1/1/2018,"生活, 学习, 饭圈, 游戏",C位一词最早来源于《DOTA》、《英雄联盟》等游戏领域，译作Carry位，指核心后期角色，能够在游戏前中期打钱发育并在游戏后期带领队伍力挽狂澜的角色。,https://baike.baidu.com/item/C%E4%BD%8D,eriche,即Carry或Center，核心位置的意思。当某一个人在团队中的处于核心（中心）位置时，人们便称呼他是Center位，在影视剧或综艺海报中，这个位置也是咖位比较高的人。,,
6/7/2021 2:47:32,555,555，好朋友居然把我的生日忘记了！,,1/1/2009,生活,出自“呜呜呜“的谐音。,https://baike.baidu.com/item/555/10749780#viewPageContent,eriche,是“呜呜呜”的谐音，表示哭得很伤心，有时其实并不伤心，只是撒娇。,,
6/7/2021 2:50:04,666,这波操作666.,,1/1/2015,"生活, 游戏，直播",出自游戏中的缩略语，“666”其实是口头语“溜”（意为意思为：灵活；麻利）的谐音数字,https://baike.baidu.com/item/666/17192634,eriche,“666”本身是一个自然数，最常用的意思是形容某人或某物很厉害很牛、令人折服。,,
6/7/2021 2:55:23,海王,出自“本以为游进了哥哥的鱼塘，没想到哥哥是个海王”。,,5/23/2019,生活,出自DC漫画中拥有和海洋生物交流的能力并且统治大海的超级英雄。后被网友用来形容男孩子暧昧对象的数量太多，跟海洋里的所有生物差不多，但是又同时能玩得转所有妹子的渣男。,https://baike.baidu.com/item/%E6%B5%B7%E7%8E%8B/23509665#viewPageContent,eriche,指与众多女性暧昧但不认真投入感情的渣男，与”中央空调”同义。,,
6/7/2021 2:59:26,恐龙,这部电影里的女主是个恐龙。,,1/1/2008,生活,出自诸葛亮老婆，据说是整个荆州地区赫赫有名的丑女（一说是貌美，被人诋毁），所以龙就是指诸葛亮的老婆黄月英；又因为诸葛亮叫孔明，所以大家就尊称黄月英为孔龙。,https://baike.baidu.com/item/%E6%81%90%E9%BE%99/16807903#2,eriche,对于相貌极其丑陋的女子的用语，带贬义。,,
6/7/2021 3:06:01,网红,这个网红店很多人来这拍照。,,1/1/2014,"生活, 游戏, 直播, 饭圈",出自文字时期的网络红人，他们共同的特点是以文字安身立命并走红。现在的“网络红人“可源于艺术才华成名，搞怪作秀成名，意外成名，或网络推手成名。 ,https://baike.baidu.com/item/%E7%BD%91%E7%BB%9C%E7%BA%A2%E4%BA%BA/893109?fromtitle=%E7%BD%91%E7%BA%A2&fromid=6436044#2,eriche,指在现实或者网络生活中因为某个事件或者某个行为而被网民关注从而走红的人或长期持续输出专业知识而走红的人。,,
6/7/2021 3:07:54,奥利给 ,没毛病，干就完了，奥利给！,,1/1/2020,直播,出自快手主播每次直播或者录视频的开头都是奥利给。网友将这些口头禅汇集剪辑成了一首舞曲作品，魔性洗脑走红网络。后来经过一系列恶趣味短视频，被大多数人引申为其他意思。,https://baike.baidu.com/item/%E5%A5%A5%E5%88%A9%E7%BB%99/23558747,eriche,“给力噢”的倒读，作为感叹词，给力的意思，包含了赞美、加油打气等多种感情色彩。,,
6/7/2021 3:10:30,好家伙,好家伙，他们一天足足走了一百里！,,1/1/2020,"生活, 相声",出自相声中常见的语气词，后来网友在吐槽某事或对某事感到惊讶时，通常会加上“好家伙”加强语气。,https://baike.baidu.com/item/%E5%A5%BD%E5%AE%B6%E4%BC%99/20144765#viewPageContent,eriche,表示惊讶或赞叹。,,
6/7/2021 3:13:18,小鲜肉,姐姐特别迷偶像电视剧里的那几个小鲜肉。,,1/1/2014,"生活, 饭圈",出自2014年中国粉丝对韩国男性明星的称呼。,https://baike.baidu.com/item/%E5%B0%8F%E9%B2%9C%E8%82%89/13859650,eriche,小鲜肉”指年轻、帅气的男性。一般是指年龄在12-20岁之间长相俊俏的男人。,,
6/7/2021 3:16:24,娘炮,你穿得像个娘炮。,,1/1/2007,生活，电视剧,出自一部2007年开播的台湾偶像剧《我要变成硬柿子》，剧中女主角骂男主角“娘炮”，是说他生性软弱，怕事如女人一样。 ,https://baike.baidu.com/item/%E5%A8%98%E7%82%AE/5580795,eriche,属形容词，意思是指在某些方面女性化的男性，带有贬义性色彩。带有性别刻板印象暗示，请慎用。,,
6/7/2021 3:24:31,尼哥,"尼哥出自拉丁语negro, 原译为黑色。",,1/1/2007,生活,出自英文词 ”nigga“/”nigger“,https://zh.wikipedia.org/wiki/%E9%BB%91%E9%AC%BC,eriche,是对黑人的贬称，是一种禁忌称呼，是严重的种族歧视用语。(该词具有侮辱性，请慎重使用!),,
6/7/2021 13:44:36,233,233，今天某人裤子拉链忘拉了。,,9/23/2019,"生活, 直播, 二次元",出自猫扑表情第233号，是一张捶地大笑的表情。,https://baike.baidu.com/item/233/1092583,ellalala,表示哈哈大笑的意思，“233”的后面可以跟很多“3”用来表现一件事的好笑程度。,,https://drive.google.com/open?id=1sbTU6bIBkyq6Pb0yUyhjKgZCb3ICmQEm
6/7/2021 13:53:45,立flag,小明：我从今天起再也不喝酒了 小花：你就别立flag了 （结果小明第二天就又跑去了酒吧）,,12/27/2016,生活,出自flag的英文翻译，本意是“旗帜”、“信号旗”，在这里当作“一种不祥信号”意思使用,https://baike.baidu.com/item/%E7%AB%8Bflag/20318982,ellalala,意指立下一个通常很难实现的目标，或者为下面要发生的事做铺垫。,,
6/7/2021 14:22:53,穷哈,2019 Mnet Asian Music Awards best dance performance solo... 穷哈！！,https://www.bilibili.com/video/BV1i7411c75g?from=search&seid=11860700410910391068,12/4/2019,饭圈,出自古力娜扎在2019年在日本举办的韩国颁奖典礼 Mnet Asian Music Awards把韩国艺人金请夏的名字读成了“穷哈”的翻车现场,https://zhuanlan.zhihu.com/p/95575311,ellalala,是网友调侃古力娜扎外文发音不准的一种方式。,,
6/7/2021 15:33:52,3Q,小花把橡皮擦递给了小明，小明对她说 “3Q”。,,5/9/2020,生活,出自英语 “thank you” 的谐音,https://jikipedia.com/definition/257081569?action=lite-card,ellalala,意为谢谢。,,
6/7/2021 15:40:16,蜜汁自信,我很想知道那个相亲男的蜜汁自信是哪儿来的。,,11/2/2016,生活,出自迷之自信的变音,https://baike.baidu.com/item/%E8%9C%9C%E6%B1%81%E8%87%AA%E4%BF%A1/20180903,ellalala,形容一个人莫名其妙、毫无逻辑的自我感觉良好。,,
6/7/2021 15:47:48,帅不过三秒,Fahy帅不过三秒。,,11/30/2017,二次元,出自二次元动漫的B站弹幕，为了增强搞笑的效果，二次元动漫里“帅不过三秒”的角色尤其常见。,https://baike.baidu.com/item/%E5%B8%85%E4%B8%8D%E8%BF%87%E4%B8%89%E7%A7%92/22205993?noadapt=1,ellalala,指的是上一秒还帅到掉渣，下一秒就发生了尴尬的事。,,
6/7/2021 15:53:51,阿巴阿巴,小明：下次约会什么时候有空呀？小花：阿巴阿巴,,6/27/2020,"生活, 直播",出自斗鱼主播李某在直播中，2岁多的女儿还不怎么会说话，只会说一些阿巴阿巴打朵朵这样的声音,https://baike.baidu.com/item/%E9%98%BF%E5%B7%B4%E9%98%BF%E5%B7%B4/50974258,ellalala,表示失语，不会说话，呆呆的智障，模仿婴儿发出的声音，通常用来装傻。,,
6/7/2021 15:58:43,plmm,请问这位plmm今天晚上有空嘛？,,1/28/2019,"生活, 饭圈",出自饭圈，在女团竞选综艺《创造101》热播期间，就常有该梗的相关用法。,https://bkso.baidu.com/item/plmm/391382,ellalala,“漂亮妹妹、漂亮美眉”的拼音简写。,,
6/7/2021 16:05:32,安利,姐妹听我的，吃下我这颗安利，你绝对不会后悔的,,8/29/2016,"生活, 直播, 二次元",出自美国全球最大的直销公司安利（Amway），此梗词最早还是常在二次元圈当中使用，后来才慢慢的开始在微博中流行起来，现在也常出现在直播间。,http://www.ifanjian.net/jbk/anli.html,ellalala,意指当你知道一个好的东西的时候，就强烈的想要把它推荐给别人。,,
6/7/2021 16:08:53,爱豆,蔡徐坤是我最喜欢的爱豆。,,11/3/2016,饭圈,出自饭圈。,http://www.ifanjian.net/jbk/aidou.html,ellalala,英文单词“idol”的中文谐音，意指偶像或崇拜对象。,,
6/7/2021 16:14:37,白嫖,上一个用贩卖机的人投完钱后就走了，我白嫖到了一瓶饮料。,,7/4/2017,"生活, 饭圈",出自2013饭圈，最早是由嫖娼里面嫖客不给钱这种吃“霸王餐”的白嫖一词演变而来。,http://www.ifanjian.net/jbk/baipiao.html,ellalala,意指不花钱却又享用其他人资源。在饭圈中特指追星不花钱。,,
6/7/2021 16:17:38,不 你不想,小明：好想喝酒呀 小花：不 你不想,,7/1/2018,生活,出自一组流行于网络的表情包,http://www.ifanjian.net/jbk/bnbx.html,ellalala,表示克制或阻止别人做一件事情。,,https://drive.google.com/open?id=1nFe_nb4__lrDE1sDjfrOqhhlLV_8ASVJ
6/7/2021 16:39:41,cp,王一博和肖战是我最爱的cp！,,12/15/2016,"二次元, 饭圈",出自一位日本的同人作者在作品中存在恋爱(情侣)关系的角色配对，称之为カップリング(coupling的音译)，简称カプ或CP,http://www.ifanjian.net/jbk/cpg.html,ellalala,意指夫妻，一对情侣，couple的缩写。,,
12/28/2022 6:27:26,压缩毛巾,,附上视频片段,,生活,,https://thedavidweng.notion.site/f072b23aaca248f3ab196758a4439941,,患有侏儒症，形象类似柯洁+刀哥的博主 @炫老二百货 的一系列压缩毛巾带货视频，由于形象原因网友将其品牌称作矮人科技。其带货视频中会出现例如广告词复用（我们这个压缩毛巾体积小方便携带，拆开一包，放水里就变大，怎么扯都扯不坏，用来擦脚，擦脸，擦嘴都是很好用的，你看打开以后像圆饼一样大小，放在水里遇水变大变高，吸水性很强的。打开以后，是一条加大加厚的毛巾，你看他怎么挣都挣不坏，好不掉毛不掉絮，使用七八次都没问题，出差旅行带上它非常方便，用它擦擦脚，再擦擦嘴，擦擦脸，干净卫生。什么？在哪里买？下方小黄车，买五包送五包，还包邮）；路人把压缩毛巾认做糖果；先擦鞋后擦脸再擦嘴；毛巾沾水的时候把手机一同放入水中等故意为之的槽点。,抖音博主 @炫老二百货 带货压缩毛巾的一系列抽象小视频,
12/28/2022 6:53:23,蓝色妖姬,,配上视频与网友二创作品,,"生活, 视频",,https://thedavidweng.notion.site/8e73054793c0445188bb7f1eeb70598d,,博主 @皮小浪 的土味变装视频中一套蓝色穿搭，视频剧情通常为他在感情上受到挫折，冲到马路上变装一套亮眼穿搭完成蜕变。其中最经典的一套蓝色西装皮裤配金色切尔西靴的皮肤被称为“蓝色妖姬”,博主 @皮小浪 的土味变装视频中一套蓝色穿搭,
6/8/2021 1:31:20,来了老弟,"徐熙娣敲开大S家的门，大S一脸微笑：来了老弟～
徐熙娣：？？？？？？？",（最好有表情包或者原视频）,12/8/2018,生活,出自抖音上一位来自黑龙江黑河的烧烤摊大姐招呼熟客时的常用台词，因为视频中她常在烤腰子，所以又被网友称为“腰子姐”；因为魔性的发音和洪亮的嗓门让“来了老弟”四个字尤为别致，随后被网友制作成表情包，开始大量使用和转载开来。,"https://baike.baidu.com/item/%E6%9D%A5%E4%BA%86%E8%80%81%E5%BC%9F#:~:text=%E6%9D%A5%E4%BA%86%E8%80%81%E5%BC%9F%EF%BC%8C%E7%BD%91%E7%BB%9C%E6%B5%81%E8%A1%8C,%E4%BA%86%E8%80%81%E5%BC%9F%EF%BC%9F%E2%80%9D%E6%8B%9B%E5%91%BC%E4%BB%96%E3%80%82",fahygao,意为“你来啦？”，并增加了一些浮夸和搞笑的成分。,,
6/8/2021 1:31:20,真香,小王：“我王**就是饿死，从这里跳下去，也不会吃你们一点东西！” 经过一段时间周全，小王还是吃了饭。 小王：“真香！,（2018年最佳网络语言，最好有原视频）,12/1/2018,生活、直播、游戏、其他。,出自湖南卫视《变形记》2014年节目城市主人公王境泽。在节目中，主人公王境泽嫌弃农村条件不好，想要回城市。农村家庭的爷爷就一直劝他，生气的王境泽随即说道：“我王境泽就是饿死，死外边，从这里跳下去，也不会吃你们一点东西”。但几小时后饿了的王境泽只能在农村家庭吃饭，边吃还边说了句“真香”。配合前面他自己说出的狠话，喜感度顿时爆棚。后被网友在18年重新挖掘后开始疯转。,https://baike.baidu.com/item/%E7%9C%9F%E9%A6%99/22700736#3,fahygao,意为一个人下决心不去或去做一件事情后，最后行为却截然相反。通过前后矛盾的戏剧效果，该词语常用来自嘲和嘲讽。,,
6/8/2021 1:31:20,红雪珍奶,喝过各种奶茶真的还是草莓味的红雪珍奶值得让我喜欢。,,10/22/2020,生活,出自b站吃货的世界你不懂系列词汇，来源于一个视频中草莓味的雪顶珍珠奶茶。,https://www.bilibili.com/read/cv8043986/,fahygao,用来暗指生活处处有商机的这个道理的商业鬼才。,,
6/8/2021 1:31:20,确认过眼神, “确认过眼神，我遇上对的人” --《醉赤壁》,,2/15/2018,生活,出自林俊杰《醉赤壁》里的一句歌词： “确认过眼神，我遇上对的人”；后来因该句式容易模仿，被网友用来大量引用。,https://baike.baidu.com/item/%E7%A1%AE%E8%AE%A4%E8%BF%87%E7%9C%BC%E7%A5%9E/22832658,fahygao,意为从眼神里得到了证实，一般用来强调对某人情事物钟情的程度。,,
6/8/2021 1:31:20,有内味（儿）了,哎，这土味视频有内味儿了,,4/1/2019,生活、直播,出自电竞圈的斗鱼游戏主播大司马和电棍（otto），因为大司马玩的英雄太菜，后来观众看到有人玩酒桶很菜，就会刷有大司马内味了。后来这个词的意思逐渐拓展，从“带劲”到嘲讽都有涉及。,https://baike.baidu.com/item/%E6%9C%89%E5%86%85%E5%91%B3%E4%BA%86,fahygao,意为有那种味道（感觉）了，一般用来强调某人事物地道和正宗。,,
6/8/2021 1:31:20,我太难（南）了,哎，这地铁怎么每天挤的都是这么些人，我太难了。,（最好有视频）,7/10/2019,生活、直播,出自快手视频社交网站的“黑猫警长giao哥”，在他因为口头禅“giao”而火之后，发布了一个“我太难了，最近我压力很大”的视频，因为本身人气和他含情脉脉的表情，受网友疯转与模仿。,https://baike.baidu.com/item/%E6%88%91%E5%A4%AA%E9%9A%BE%E4%BA%86/23694283,fahygao,用来强调自己的悲催，是普通网民希望释放生活压力的心理表现。,,
6/8/2021 1:31:20,咱也不知道，咱也不敢问,你说老师又罚我做蹲起是为了啥，咱也不知道，咱也不敢问。,,4/26/2019,生活,出自抖音的评论区，最先是网友对一些奇葩的搞笑视频进行评论，用来调侃视频的无脑和无厘头，后来随着这句话的诙谐效果，逐渐被更多人熟知。,https://baike.baidu.com/item/%E5%92%B1%E4%B9%9F%E4%B8%8D%E7%9F%A5%E9%81%93%E5%92%B1%E4%B9%9F%E4%B8%8D%E6%95%A2%E9%97%AE/234449400,fahygao,直译为“这件事情我也是真的没法”，形容一些自己无法解释或者不便过问的人事物，带有诙谐意味。,,
6/8/2021 1:31:20,不忘初心,我们一定要不忘初心，为国争光！,,7/1/2016,生活,出自唐代白居易的《画弥勒上生帧记》：“所以表不忘初心，而必果本愿也。” 后来习主席也在中国共产党成立95周年时提及，强调了为国民幸福着想、为中华民族复兴的初心的重要性。,https://baike.baidu.com/item/%E4%B8%8D%E5%BF%98%E5%88%9D%E5%BF%83/198590088,fahygao,直译是不忘记最初的心愿。,,
6/8/2021 1:31:20,犬兔一豹,犬兔一豹就不是个成语好吗，张艺兴,,1/11/2020,生活、饭圈,出自湖南卫视综艺节目《快乐大本营》2020年第11期节目，其中张艺兴花式组词创造出全新词语“犬兔一豹”，给出的词语释义是——狗和兔子加起来抵不过一头豹子，后来因为这个词语的综艺效果和张艺兴的人气而走火。,https://baike.baidu.com/item/%E7%8A%AC%E5%85%94%E4%B8%80%E8%B1%B9,fahygao,直译是指一只狗和一只兔子加起来都抵不过一只豹子。,,
6/8/2021 1:31:20,好嗨哟,“好嗨哟，感觉人生已经到达了高潮” --《好嗨呦》,,12/13/2018,生活、直播、其他,出自同名网络歌曲秦博词曲作品，其中唱到“好嗨哟，感觉人生已经到达了高潮”；之后被一抖音网友引用，用来配合表演他内心中的城里人和我们蹦迪的不同之处，其中搞笑的口音和奇葩的表演让这首歌及“好嗨哟”全网走火,https://baike.baidu.com/item/%E5%A5%BD%E5%97%A8%E5%93%9F/24178932,fahygao,直译是“我好兴奋啊！”，用于表达很高兴和兴奋的状态。,,
6/8/2021 1:31:20,断舍离,时而切换成断舍离的方式来生活，才能活得更开心,,12/17/2015,生活,出自日本山下英子的《断舍离》，该书主要讲述了日本杂物管理咨询师山下英子推出的概念：断等于不买、不收取不需要的东西，让自己活得自由；后来经网友在网上提及和倡导这种方式，用来逃离网络污染：狂轰滥炸的微信群或半死不活的“僵尸群”等。,https://baike.baidu.com/item/%E6%96%AD%E8%88%8D%E7%A6%BB/18860382,fahygao,是一种生活方式。意为把不必需、不合适、过时的东西统统断绝、舍弃，并切断对它们的眷恋；在这之后，过的简单清爽的生活。,,
6/8/2021 1:31:20,你品，你细品,你男朋友爱国能发朋友圈，爱你却不发，你品你细品。,,10/16/2019,生活、直播,出自抖音情侣博主二郎神和大聪明的视频，其中男子劝老婆不要买包，最后让老婆在买包和买房两个选择中思考，他对他老婆说：“你品，你细品”。因为这个视频以及这句话本身比较搞笑，而被大家使用。,https://baike.baidu.com/item/%E4%BD%A0%E5%93%81%E4%BD%A0%E7%BB%86%E5%93%81,fahygao,直译为“你体会一下，好好体会一下”，常放至句尾，用来强调前句背后的意思。,,
6/8/2021 1:31:20,是个狼人,某大学军训的标语写的是：别担心我的宝贝们，军训晒黑的脸会被高等数学晒白的！不得不说是个狼人！,,8/24/2018,生活、游戏、学习,出自一微博博主发博文分享的段子，其中一人发到“是个狼人”，并解释“比狠人多一”该条博文转发上万，该梗因此被更多人所熟知。,https://baike.baidu.com/item/%E6%98%AF%E4%B8%AA%E7%8B%BC%E4%BA%BA/22918439?fr=aladdin,fahygao,意为是比狠人再狠一点的人。通常被用来调侃厉害的人，堪称为狠人的加强版。,,
6/9/2021 1:31:20,是个狠人,这老师二话不说直接给小虎带到校长办公室了，是个狠人,,5/4/2018,生活、游戏、学习,出自一张相关“是个狠人”表情包。但“狠人”这个词的用法其实由来已久，在沈石溪的《狼王梦》中也有提到；而“是个狠人”梗因为表情包和相关的使用场景诙谐幽默，开始走红于网络。,https://zh.moegirl.org.cn/index.php?title=%E7%8B%A0%E4%BA%BA&variant=zh-hans&mobileaction=toggle_view_desktop,fahygao,形容某个对象非常狠辣、冷酷、果决（特别是对自己）；原意为做事心狠手辣毫不手软或在某一方面专精的人。,,
6/9/2021 1:31:20,skr,老天skr而止吧！热skr人了！,,7/14/2018,生活、饭圈,"出自美国嘻哈文化中的一个音节：“skrt”，原先是一个拟声词，模仿汽车漂移或猛然转向时与地面摩擦的声音。后于2018年的《中国有嘻哈》走火，为制造热词节目组和吴亦凡便把“skr”当作形容词，开始了对“skr”大范围延伸使用。
",https://baike.baidu.com/item/skr/22731232,fahygao,常比做“是个”的谐音，与其他词语进行诙谐幽默的搭配；也表示汽车轮胎打转的声音。,,
6/8/2021 1:31:20,小朋友，你是否有很多问号,场景：一男子每句话里都带有skr，路人脸：小朋友，你是否有很多问号？,,9/5/2016,生活、游戏、学习,出自周杰伦的《听妈妈的话》，原句为“小朋友 你是否有很多问号，为什么 别人在那看漫画，我却在学画画对着钢琴说话。”后来起初在B站上有人在看不懂视频或者其他弹幕什么意思时，引用这句话来形容心情，后来因为自带搞笑和乐感被大范围模仿和使用。,https://baike.baidu.com/item/%E5%B0%8F%E6%9C%8B%E5%8F%8B%EF%BC%8C%E4%BD%A0%E6%98%AF%E5%90%A6%E6%9C%89%E5%BE%88%E5%A4%9A%E9%97%AE%E5%8F%B7,fahygao,直译为“什么意思？”。一般用在你不懂到底是什么意思的时候，用此梗来表达。,,
6/8/2021 1:31:20,融梗,融梗的行为不可取！大家都应该支持原创！,,8/16/2017,生活、直播,出自网友对言情小说作家玖月晞轻微抄袭的评价，原意的“融梗”程度<借鉴<抄袭；后被其他网友进行主观定性，如今的定义程度参差不齐。,https://baike.baidu.com/item/%E8%9E%8D%E6%A2%97,fahygao,指的是网络文学创作过程中汇集各方创意，在作品人物设定、故事套路等方面借用他人智力成果的行为。,,https://pic2.zhimg.com/80/v2-3423bcc4d3a30f55e37812949b630178_1440w.jpg?source=1940ef5c
6/8/2021 1:31:20,巨婴,你说你都24岁了还不会洗衣服，你不是巨婴谁是呢？,,2/3/2017,生活,出自心理学家武志红的《巨婴国》，其中刻画了依赖、自私、脾气大，而当婴儿成长为成人，心理状态却还处在母婴共生 、全能自恋、偏执分裂状态的人；后来因为所描绘的类型在社会中屡屡出现，被网友大规模使用,https://baike.baidu.com/item/%E5%B7%A8%E5%A9%B4/23188611#viewPageContent,fahygao,指的是虽然已经成年，但心智仍然停留在幼儿阶段，极不成熟的人。,,
6/9/2021 1:31:20,妈宝男,你都40了房子都是你妈给你买的，还不是妈宝男,,8/23/2017,生活、学习,出自社会学家对中国一种普遍现象的定义，一种是因为较为优越的家庭条件，被父母呵护，所以不谙世事。第二种男人心里极度依赖母亲，思想和行为受母亲影响过大，对母亲产生过度的依赖。,https://baike.baidu.com/item/%E5%A6%88%E5%AE%9D%E7%94%B7,fahygao,指的是总是认为妈妈是对的，以妈妈为中心的男人；也指那些被妈妈宠坏了的孩子。,,
6/8/2021 1:31:20,2B,你咋这么2b呢，人在家都能被小偷洗劫一空。,,5/4/2017,生活、游戏,出自2007年左右的一款网易游戏，其中网友将“DB+SB（呆B+傻B）”，合称2B用来互相嘲讽攻击；后出圈用于贴吧评论区等，如今引申成“2”来更轻程度表达“2b”的意思。,https://baike.baidu.com/item/2b/38521#viewPageContent,fahygao,又称“二逼”；指的是某人言行举止不靠谱，有点傻，头脑有点呆，反应慢半拍，不太正经等。（该词略带贬义，请慎用！）,,
6/8/2021 1:31:20,BS,"BS,你在撒谎。",,1/1/1915,生活,出自二战时期英文俚语，意思近似于“horseshit”,https://en.wikipedia.org/wiki/Bullshit,eriche,BS是bullshit的缩写，俚语，指扯淡、胡扯、屁话。,,
6/8/2021 1:31:20,BT,你这套操作太BT了。,,2/7/2008,生活,出自“变态”一词的缩写,https://baike.baidu.com/item/bt/6106099,eriche,指变态（拼音biàn tài）头两个字母的缩写；也指微博流行用语（BT=Beautiful）；另外意思是源自英文bound thinking，是指跳跃的思维。,,
6/8/2021 1:31:20,DD,"DD, 我对你佩服的五体投地。",,1/1/2013,生活，游戏,"出自日本流行语意为""无论是谁都最喜欢""（谁でも大好き　无论是谁都最喜欢）的简写。",https://baike.baidu.com/item/DD/2655019#viewPageContent,eriche,即“大大”（Da Da）的意思，同大神。或是表达“无论是谁都最喜欢”的意思，日语中常见.,,
6/8/2021 1:31:20,GHS,这人好猥琐，一天到晚在那GHS。,,11/1/2015,生活,出自“搞黄色”的拼音缩写。,"https://ld.sogou.com/article/i5626399.htm?ch=lds.pc.art.media.all#:~:text=%E2%80%9Cghs%E2%80%9D%E6%98%AF%E2%80%9C%E6%90%9E%E9%BB%84%E8%89%B2,%E3%80%81nbcs%3Dno%20body%20cares%EF%BC%81",eriche,“搞黄色”的首拼音缩写，作为一个调侃意味的网络用语，经常出现在聊天对话中。,,
6/8/2021 1:31:20,GG,我这次考试要GG了。,,7/1/2016,游戏，生活,来源于韩国星际比赛，指在竞技游戏（如魔兽争霸、星际争霸、反恐精英、DOTA2等 ）中，纯粹就是习惯性的向对手表示欣赏。,https://baike.baidu.com/item/GG/2256001#viewPageContent,eriche,竞技游戏礼貌用语，Good Game的缩写。类似于比武结束后的行礼，意思是“打得好，我认输”。后来也常用于现实生活中表示“失败”的场景。,,
6/8/2021 1:31:20,JC,她刚刚上初中还只是个JC。,,5/1/2019,动漫，生活,来源于日本网络流行语じょしちゅうがくせい ”（女子中学生）,https://baike.baidu.com/item/JC/17609013  ,eriche,意为女初中生。,,
6/8/2021 1:31:20,JS,这局打野我还是玩JS吧。,,4/16/2013,游戏,出自英雄联盟,https://baike.baidu.com/item/JS/1962930#viewPageContent,eriche,指的是无极剑圣，是网络游戏《英雄联盟》中的英雄。,,
6/8/2021 1:31:20,LSP,你这个LSP偷偷看人小姑娘跳舞。,,3/14/2017,直播，生活,出自直播间弹幕调侃。,https://baike.baidu.com/item/LSP/53772060#viewPageContent,eriche,网络流行语，直播黑话，是“老色痞”的缩写。多出现在颜值区和舞蹈区直播间的弹幕，直播间观众互相调侃这两个区的观众大都是颜值至上，所以调侃为老色痞。,,
6/8/2021 1:31:20,LS,我支持LS的观点。,,7/25/2014,生活,来自论坛评论区内“楼上”的拼音缩写。,https://baike.baidu.com/item/LS/2896043#viewPageContent,eriche,一般多用于论坛（BBS）中解释为“楼上”。,,
6/8/2021 1:31:20,LX,LX（楼下）都是我儿子。,,7/25/2014,生活,来自论坛评论区内“楼下”的拼音缩写。,https://zhidao.baidu.com/question/205387386.html,eriche,一般多用于论坛（BBS）中解释为“楼下”。,,
6/8/2021 1:31:20,LZ,LZ这文章写的很棒！,,11/25/2017,生活,来自论坛评论区内“楼主”的拼音缩写。“楼主”就是在论坛里发贴的人，某人在这个帖子里，他就是楼主,"https://zhidao.baidu.com/question/43971200#:~:text=%E7%BD%91%E7%BB%9C%E7%94%A8%E8%AF%AD%2C%E6%A5%BC%E4%B8%BB%E7%9A%84%E6%84%8F%E6%80%9D,%E5%8F%91%E8%B5%B7%E8%80%85%2C%E7%AC%AC%E4%B8%80%E6%A5%BC%E3%80%82&text=%E5%8F%A6%E4%B8%80%E5%B1%82%E7%BD%91%E7%BB%9C%E7%94%A8%E8%AF%AD,%E6%98%AF%E6%B1%89%E8%AF%AD%E6%8B%BC%E9%9F%B3%E7%9A%84%E7%BC%A9%E5%86%99%E3%80%82",fahygao,一词多义，用于论坛（BBS）中是“楼主”的首字母缩写；用于日常聊天交流时是“老子”的首字母缩写。,,
6/8/2021 1:31:20,拜见祖师爷,一个人做饭很厉害。底下评论“拜见祖师爷”,,,"直播, 生活",网络平台,,carlchen,指一个人的行为或技能让其他的佩服的五体投地，让有兴趣的人想学这个行为或技能,,
6/8/2021 1:31:20,不过是取悦我的手段罢了,看到一个好看的跳舞视频。评论：只不过是取悦我的手段罢了“,,,"直播, 生活",网络平台,,carlchen,出自抖音评论区网友对好看的男女生视频的评论，让人有种这些视频里男女生可以被他们轻松拿下的错觉,,
6/8/2021 1:31:20,拿捏,投中一个三分球。“拿捏了”,,,"直播, 生活",网络平台,,carlchen,形容一个人对一件事十拿九稳，或者完美的完成了一件事,,
6/8/2021 1:31:20,阴间生活,你每天都晚上出门，真是在过阴间生活,,,"直播, 生活",网络平台,,carlchen,形容一个人经常在白天睡觉到了晚上才开始活动。或指在夜晚的生活,,
6/8/2021 1:31:20,阳间生活,你怎么每天都早睡早起，天天过着我没拥有的阳间生活,,,"直播, 生活",网络平台,,carlchen,形容一个人在晚上睡觉在白天活动。或指在白天的生活,,
6/8/2021 1:31:20,阴阳人,你可真是个阴阳人,,,"直播, 生活",网络平台,,carlchen,形容一个人说话做事阴阳怪气,,
6/8/2021 1:31:20,猎手以猎物出现,高端的猎手总以猎物的方式出现,,,"直播, 生活",抖音,,carlchen,多指在抖音中很多美女视频总表现出楚楚可怜让人疼爱的样子，但其实这些都是套路来取得更多人的喜爱。楚楚可怜和可爱的样子比作猎物，取得更多人喜爱则为猎人的目的，而喜爱她们的人则反成了猎物。,,
6/8/2021 1:31:20,钢筋,你真是个钢筋,,,"直播, 生活",抖音等网络平台,,carlchen,“杠精”，多指在网络或者现实中喜欢无中生有抬杠的人。,,
6/8/2021 1:31:20,霓虹,霓虹国最出名的料理之一可能就是寿司了吧,,,生活,日漫,,carlchen,日本，源于日本在日语中的发音,,
6/8/2021 1:31:20,深井冰,你可真是个深井冰,,,生活,网络平台,,carlchen,“神经病”的谐音梗,,
6/8/2021 1:31:20,亿次,这个抖音视频里的帅哥也太帅了，再看亿次,,,生活,抖音,,carlchen,“一次”的谐音梗，多指一个视频太好看还想再看一次（亿次）。便夸张,,
6/8/2021 1:31:20,绝境懒羊羊,这场篮球都快输了，他还能把比分扳回来反超，真是绝境懒羊羊。,,,"生活, 二次元",出自国产动画片《喜羊羊与灰太狼》中的角色-“懒羊羊”，因为其慵懒和整天没事干的角色特点以及头顶一坨屎的发型而闻名；然而在动画片中到了危急关头，懒洋洋时常会生出急智解救大家。,,carlchen,形容一些人平时很没用但是到了绝境时刻经常能解救大家。,,
6/8/2021 1:31:20,画个圈圈诅咒你,连块饼干都不舍得分给我吃，我画个圈圈诅咒你,,,生活,,,carlchen,国产动画片《喜羊羊与灰太狼》中的一颗蛋“潇洒哥”的台词，一般在潇洒哥被怼或者收到伤害时，他会蹲在角落画圈圈说“画个圈圈诅咒你”。,,
6/8/2021 1:31:20,比博燃,有人发了一个扣篮视频，评论吐槽：“这不比博人传燃？”,,,"生活, 二次元",动漫,,carlchen,全称为：“这不比博人传热血。“ 调侃日漫《博人传》因为剧情划水，原有人物实力被大幅削减等被热爱火影忍者的玩家调侃,,
6/8/2021 1:31:20,魔教中人,你爱看小姐姐直播？你可真是个魔教中人,,,"生活, 直播, 游戏",斗鱼直播,,carlchen,英雄联盟主播智勋及其粉丝的统称，原因智勋打游戏经常点陪玩小姐姐并且要照片，让大家戏称智勋及其粉丝为一群爱看美女的人及魔教中人。而智勋被称为教主,,
6/8/2021 1:31:20,yue,我yue了，排队3小时还没排到号,,,生活,网络平台,,carlchen,yue的发音和人吐的时候声音很像，所以yue被理解为吐。,,
6/8/2021 1:31:20,肌肉金轮,你看肌肉金轮了吗，我看完眼瞎了,,,"生活, 直播, 游戏",斗鱼直播,,carlchen,出自英雄联盟主播大司马的一段把一个肌肉男的脸ps成大司马的鬼畜视频，被网友反复观看津津乐道，视频被称作肌肉金轮,,
6/8/2021 1:31:20,以雷霆击碎黑暗,打游戏时消灭对方一个人大喊：以雷霆击碎黑暗！,,,"生活, 直播, 游戏",直播,,carlchen,王者荣耀中司空震放大招时的台词，由于王者荣耀主播昕安打司空震时时常情绪激动喊出这句话而走红,,
6/8/2021 1:31:20,叙利亚风格,这个酒店装修真是叙利亚风格,,,生活,网络平台,,carlchen,简陋破旧的装修风格被称作叙利亚风格，因叙利亚因长年战争房屋破坏做类比,,
6/8/2021 1:31:20,刮痧,李白这个英雄伤害真的是刮痧,,,"生活, 直播, 游戏",王者荣耀,,carlchen,王者荣耀有些英雄伤害特别低导致大家用刮痧这个词来形容伤害只能伤到皮肤,,
6/8/2021 1:31:20,蓝衣战神,你今天看蓝衣战神了吗,,,"生活, 直播",抖音,,carlchen,抖音网红一栗莎子经常穿一件凸显身材的蓝色针织裙被众多网友喜爱，而被称为蓝衣战神,,
6/8/2021 1:31:20,黑手,趁朋友不注意打他一下，喊一句“黑手！”,,,"生活, 直播",快手,,carlchen,出自快手主播@神鹰法师，现已被封。他曾在一条视频中叫嚣“你真没见过黑社会啊，敢不敢跟我比划比划，让你知道什么叫黑手？” ,,
6/8/2021 1:31:20,干饭人,做一个干饭人！今天食堂我要打两碗饭,,,"生活, 直播",网络平台,,carlchen,用来形容爱吃饭的人，对吃饭特别积极的人,,
6/8/2021 1:31:20,李奶奶,李奶奶的，今天我让你出不了这个门,,,"生活, 直播",网络平台,,carlchen,谐音梗”你奶奶“，素质版的骂人话,,
6/8/2021 1:31:20,草丛三姐妹,妲己这个英雄太恶心了，不愧是草丛三姐妹,,,"生活, 直播, 游戏",王者荣耀,,carlchen,指王者荣耀中”妲己，王昭君，安琪拉“三位英雄因技能原因蹲草特别容易杀人，被戏称草丛三姐妹。,,
6/8/2021 1:31:20,名场面,科比这个后仰跳投称得上是他的名场面了。,,,"生活, 直播, 游戏",网络平台,,carlchen,指各种行业中记录下某个人做出的特别厉害的操作或行为被称为名场面。,,
6/8/2021 1:31:20,冥场面,这个游戏的操作真的是冥场面了。,,,"生活, 直播, 游戏",网络平台,,carlchen,名场面的反义词，指各种行业中记录下某个人做出的特别垃圾的操作或行为被称为冥场面,,
6/8/2021 1:31:20,MD,MD，每天早上都堵车,,1/1/2000,生活,"出自互联网开始的时候，人们喜欢用英文简写代替一些日常普遍的骂人词汇，就如“TMD”、""MD""等。",https://zh.wikipedia.org/wiki/MD,fahygao,“妈的”的拼音缩写。（该词具有侮辱性，请慎重使用！）,,
6/8/2021 1:31:20,MMP,MMP，中国这足球队什么时候能进世界杯,,10/16/2017,生活,出自四川方言，当地骂人的一种说法，后来被网友通过简写引入网络。,https://baike.baidu.com/item/MMP/23727919,fahygao,“妈卖批”的拼音缩写。（该词具有侮辱性，请慎重使用！）,,
6/8/2021 1:31:20,MM,妹子，不得不说MM这一词已经很老土了，哥加你个微信教你点新词好不？,,1/19/2005,生活,出自台湾网络语言“美眉”一次，通过互联网缩写潮流的影响，网友开始采用“MM”这样的拼硬缩写方式。,https://baike.baidu.com/item/MM/3903835#viewPageContent,fahygao,“美眉”的拼音缩写，指的是年轻漂亮的女性。,,
6/8/2021 1:31:20,MS,MS（魔兽）你玩过吗？,,8/30/2007,"生活, 游戏, 学习, 饭圈",出自网络文字缩写文化。,https://baike.baidu.com/item/MS/6714852#viewPageContent,fahygao,指的是“貌似”或“魔兽”或“闷骚”或“Dota里对线Miss”等拼音或首字母缩写。,,
6/8/2021 1:31:20,NBA,NBA真不是梗词，但看NBA里挺多梗的就把这个源头也请过来吧～,,6/6/1946,"生活, 体育, 直播",出自美国职业篮球联赛的缩写，许多男生篮球梦开始的地方。,https://baike.baidu.com/item/NBA,fahygao,“National Basketball Association（美国职业篮球赛）”的首字母缩写。,,
6/8/2021 1:31:20,NB,小明：“我数学三年都是全市第一” 小高评价道：“这是真的NB”,,1/14/2008,生活,出自中国北方习语“牛逼”、“牛批”，在很早之前的中国北方就有这种说法，后来网友传到网上，以简写广而告之。,https://baike.baidu.com/item/%E7%89%9B%E9%80%BC/994293?fromtitle=NB&fromid=13678373#viewPageContent,fahygao,“牛逼”的缩写，意为很厉害、很彪悍。,,
6/8/2021 1:31:20,NC,小明已经连续四次把同一道题写错，他的死党小张对他说道：“你是真的NC”,,12/8/2008,生活,出自贴吧评论区，起初是对幼稚的帖子或用户进行评论，常被用于指代片面看待事物，过分强调个人特殊性，或为了一些无实际用处的事物而放弃正常思维方式，言行举止幼稚偏激的人；后来因为使用年份之长、场景之广，逐渐被大众熟知。,https://zhidao.baidu.com/question/591165241.html?qbl=relate_question_0,fahygao,“脑残”的拼音缩写，一般用于讽刺别人，带有非常强烈的，蔑视对方智商的贬斥意味。（该词具有侮辱性，请慎重使用！）,,
6/8/2021 1:31:20,NH,你可别在NH队友了，这样下去赢不了的。,,8/27/2018,"生活, 饭圈, 游戏",出自饭圈文化，粉丝们起初用“nh”代指“南韩”，后来随着缩写慢慢被更多人熟知，以及“内涵”的普及，大家便用“nh”来代表两者的意思，其中后者较为常见。,https://www.zhihu.com/question/286550813,fahygao,“内涵”的拼音缩写，意为是言语攻击某人或抹黑某人攻击但又不提及他。,,
6/8/2021 1:31:20,NMD,小明：“诶你这鞋看起来可以呀，阿迪什么款式？” 答：“NMD” 小明：“没事骂什么人啊，我就问问” ,,5/13/2007,生活,"出自互联网开始的时候，人们喜欢用英文简写代替一些日常普遍的骂人词汇，就如“TMD”、""MD""等。",https://baike.baidu.com/item/NMD/10923105,fahygao,“你妈的”的拼音缩写，比较隐晦的骂人说法。（该词具有侮辱性，请慎重使用！）,,
6/8/2021 1:31:20,PP,现在很少有人把“屁屁”打成“pp”了吧。,,5/4/2005,生活,"出自互联网开始的时候，人们喜欢用英文简写代替一些日常普遍用的词汇，就如“GG（哥哥）”、""MM（妹妹）""等。",https://zhidao.baidu.com/question/687422763622447444.html,fahygao,“屁屁”的拼音缩写。,,
6/8/2021 1:31:20,RP,小张RP（人品）好差劲，老是骗朋友。,,1/1/2003,生活,"出自互联网开始的时候，人们喜欢用英文简写代替一些日常普遍用的词汇，就如“GG（哥哥）”、""MM（妹妹）""等；后来推出RPG游戏也被引用成“Role Play（角色扮演）”的简写。","https://zhidao.baidu.com/question/53305902#:~:text=RP%E6%98%AF%E7%BD%91%E7%BB%9C%E7%AE%80%E8%AF%AD,%E6%84%8F%E6%80%9D%E6%98%AF%E2%80%9C%E8%A7%92%E8%89%B2%E6%89%AE%E6%BC%94%E2%80%9D%E3%80%82&text=%E4%BD%BF%E7%94%A8%E8%BF%99%E4%B8%AA%E6%84%8F%E6%80%9D%E7%9A%84%E4%BA%BA,%E8%A7%92%E8%89%B2%E6%89%AE%E6%BC%94%E6%B8%B8%E6%88%8F%E7%9A%84%E7%8E%A9%E5%AE%B6%E3%80%82",fahygao,“人品”或“角色扮演”的简写。,,
6/8/2021 1:31:20,SB,这SB一词还用学？骂就完事了。,,1/1/2003,"生活, 游戏","出自互联网开始的时候，人们喜欢用英文简写代替一些日常普遍用的词汇，就如“GG（哥哥）”、""MM（妹妹）""等。",https://baike.baidu.com/item/%E5%82%BB%E9%80%BC/977754?fromtitle=sb&fromid=20207908,fahygao,“傻逼”的拼音缩写，骂人的形容词。（该词具有侮辱性，请慎重使用！）,,
6/8/2021 1:31:20,SY,一同学问我SY（手淫）什么意思，我不好意思说，就说是“岁月”的意思，结果她改了个网名叫“sy催人老”。,,1/1/2003,生活,"出自互联网开始的时候，人们喜欢用英文简写代替一些日常普遍用的词汇，就如“GG（哥哥）”、""MM（妹妹）""等。",https://baike.baidu.com/item/SY/242725511,fahygao,“手淫”的拼音缩写。,,
6/8/2021 1:31:20,TMD,这东西真TMD贵。（1：表示语言粗俗.2：于此同时也表述了购买者不满的情绪.）,,1/1/2003,生活,出自英文拼写，有人拼读TMD不是用英语字母来读而用英语音标拼读就是/t//m//d/，听起来像“他妈的”，于是便传播开来；后来有人发现它也是汉语拼音的缩写。,https://baike.baidu.com/item/TMD/5482017#viewPageContent,fahygao,“他妈的”的拼音缩写，骂人的语气词。（该词具有侮辱性，请慎重使用！）,,
6/8/2021 1:31:20,TX,看我，TX（偷袭）！,,1/1/2003,生活,"出自互联网开始的时候，人们喜欢用英文简写代替一些日常普遍用的词汇，就如“GG（哥哥）”、""MM（妹妹）""等；但该词的中文指代词语过多，所以一般要结合情景辨析。",https://baike.baidu.com/item/TX/3831390,fahygao,“偷袭”、“腾讯”、“同学”等词语的拼音缩写，建议能打出来就不要缩写，避免不必要的误解。,,
6/8/2021 1:31:20,WOC,WOC！这考试也太难了吧！,,1/1/2003,生活,出自互联网开始的时候，主要是为了防止被和谐，久而久之成为了常见的网络用语。,http://www.ifanjian.net/jbk/woc.html,ellalala,“卧槽”的拼音缩写。（该词具有侮辱性，请慎重使用！）,,
6/8/2021 1:31:20,WSJ,请问你有没有WSJ ;-;,,1/1/2003,生活,"出自互联网开始的时候，人们喜欢用英文简写代替一些日常普遍用的词汇，就如“GG（哥哥）”、""MM（妹妹）""等；后来推出RPG游戏也被引用成“Role Play（角色扮演）”的简写。",https://jikipedia.com/definition/610094271,ellalala,“卫生巾”的拼音缩写。,,
6/8/2021 1:31:20,WSN,昨天去蹦迪的时候遇到了个WSN。,,1/1/2003,生活,"出自互联网开始的时候，人们喜欢用英文简写代替一些日常普遍用的词汇，就如“GG（哥哥）”、""MM（妹妹）""等；后来推出RPG游戏也被引用成“Role Play（角色扮演）”的简写。",https://jikipedia.com/definition/316087489,ellalala,“猥琐男”的拼音缩写，也就是指对女性或者其他事物总是抱有邪恶思想的一类男性。​​‌‌‌‌‌​​‌‌‌​‌‌,,
6/8/2021 1:31:20,YP,,,,,,,,,,
6/8/2021 1:31:20,YY,,,,,,,,,,
6/8/2021 1:31:20,ZF,,,,,,,,,,
6/8/2021 1:31:20,ZG,,,,,,,,,,
6/8/2021 1:31:20,ZZ,,,,,,,,,,
6/8/2021 1:31:20,WC,,,,,,,,,,
6/8/2021 1:31:20,BF,,,,,,,,,,
6/8/2021 1:31:20,PS,,,,,,,,,,
6/8/2021 1:31:20,GF,,,,,,,,,,
6/8/2021 1:31:20,JJ,,,,,,,,,,
6/8/2021 1:31:20,ML,,,,,,,,,,
6/8/2021 1:31:20,FC,,,,,,,,,,
6/8/2021 1:31:20,Ins,,,,,,,,,,
6/8/2021 1:31:20,KSY,,,,,,,,,,
6/8/2021 1:31:20,WTF,WTF，这是什么玩意儿？,,11/20/2011,生活，英文,出自What The Fuck的缩写,https://baike.baidu.com/item/wtf/9250711,eriche,"What The Fuck的缩写，类似于什么鬼
      
    
      
    。常用于表示惊讶，难以相信，或者愤怒。",,
6/8/2021 1:31:20,BTW,"BTW, 你是不是没付房租？",,10/21/2013,生活，英文,出自By the way的缩写,https://baike.baidu.com/item/BTW,eriche,By the way 的缩写。意思是换个话题。在日常的短信及聊天时使用。以解决话题转换时给人带来唐突感觉的问题。相当于常说的“对了...”,,
6/8/2021 1:31:20,杯具,我的人生就是个杯具。,,11/1/2008,生活,出自易中天，他在一期《百家讲坛》中说了一句“悲剧啊”，这张截图在各大论坛迅速流行开来。,https://baike.baidu.com/item/%E6%9D%AF%E5%85%B7/6571127?fr=aladdin,eriche,原指盛水的器具，后因与“悲剧”一词谐音，成为网络流行语，词性多变：可作形容词，名词等等。,,
6/8/2021 1:31:20,蛋定,蛋定，蛋定，这没什么大不了的。,,1/5/2009,生活,出自同音词“淡定”，以及反义词“蛋疼”发展而来。,https://baike.baidu.com/item/%E8%9B%8B%E5%AE%9A,eriche,大部分语意通“淡定”，有时会写作“蛋腚”，表示有些无可奈何地表面冷静，镇定，通常内心独白为非常囧，满脸黑线等，是一个很漫画式的形容状态的词。,,
6/8/2021 1:31:20,碉堡,哇，这个扣篮碉堡了。,,9/26/2012,生活,出自百度贴吧，但在网上有逐渐蔓延的趋势。考虑其本身词义局限，估计寿命会很长。,https://baike.baidu.com/item/%E7%A2%89%E5%A0%A1/360462#viewPageContent,eriche,由屌爆演化而来，主要有“震惊了”、“悲剧了”、“非常牛逼”几种意思，不同场合下意义也不同。,,
6/8/2021 1:31:20,魂淡,你可真是个魂淡。,,1/1/2006,生活,出自同音词”混蛋”,https://baike.baidu.com/item/%E9%AD%82%E6%B7%A1,eriche,本意是不明事理、不讲道理；亦指不讲道理的人、坏家伙。在网络中，“魂淡”多用于调侃或者是一种娇嗔的责怪。,,
6/8/2021 1:31:20,砖家,这些所谓的砖家都不靠谱。,,3/5/2008,生活,出自网友对所谓”权威人士“的称呼。,https://baike.baidu.com/item/%E7%A0%96%E5%AE%B6/2061029,eriche,所谓文化大师，学说却毫无科学依据；所谓权威人士，言论往往自相矛盾。这些人被网友统称“砖家”。“砖家”不以求真知为目的，说话也不负责任，他（她）们最终目标就是利益，而相关监管的缺失，导致假专家的泛滥。,,
6/8/2021 1:31:20,叫兽,你这个叫兽在学校误人子弟。,,3/4/2012,生活,出自“教授”一词，用于调侃因为判断错误而妄下结论的学者,https://zh.wikipedia.org/wiki/%E5%8F%AB%E5%85%BD_(%E7%BD%91%E7%BB%9C%E7%94%A8%E8%AF%AD),eriche,常与“砖家”一词连用，合称“砖家叫兽”，用于讽刺那些为了自己的利益而为政府说话或是仰仗着自己的权威身份而罔顾事实说话的学者。,,
6/8/2021 1:31:20,霉体,不要轻易相信那些霉体的报道。,,9/12/2018,生活,出自“媒体”一词，用于调侃不道德的媒体。,https://zhidao.baidu.com/question/452637779.html?fr=iks&word=%C3%BD%CC%E5%C3%B9%CC%E5&ie=gbk,eriche,不讲职业道德，报道虚假新闻或隐藏事实的媒体机构。,,
6/8/2021 1:31:20,兰州,我只想说：兰州烧饼！,,7/8/2008,生活,出自贴吧对楼主的戏称。,https://zh.wikipedia.org/wiki/%E6%A5%BC%E4%B8%BB,eriche,"简称“LZ”,“ TC=Topic Creator”, 或称“兰州”、“柳州”、“卤煮”，有时对楼主不满意也叫“楼猪”，如“兰州烧饼。",,
6/8/2021 1:31:20,伞兵,,,,,,,,,,
6/8/2021 1:31:20,烧饼,,,,,,,,,,
6/8/2021 1:31:20,神马,我听不懂你在说神马。,,10/08/2010,生活,出自一些方言里，这个词早已有之，后来在2010年下半年成为网络最火的词语，常见于与“浮云”连用。,https://baike.baidu.com/item/%E7%A5%9E%E9%A9%AC/8258491,ellalala,“什么”的谐音。,,
6/8/2021 1:31:20,神马都是浮云,神马都是浮云，这都只是个误会而已。,,10/08/2010,生活,出自网络上红极一时的“小月月”事件，小月月是天涯网友蓉荣帖子中的主人公。原帖讲述的是小月月及刚认识的 “男友” 来上海游玩，让蓉荣来招待，结果蓉荣在两天一夜的时间内，因小月月的豪放和做作遭到了无比复杂而又痛苦的经历。在蓉荣眼里，经过了小月月事件后，天下神马极品都是浮云。,http://www.ifanjian.net/jbk/smdsfy.html,ellalala,“什么都是浮云”的谐音，“浮云”形容任何事情度像过眼云烟不值一提，不用去在意。有抱怨感叹之意，同样也有用于自我安慰用语之意。,,
6/8/2021 1:31:20,斯巴达,我整个人快斯巴达了。,,1/25/2008,生活,出自“This is Sparta！！”（这就是斯巴达），恶搞《斯巴达300勇士》的MV中的台词，实为《这不是斯巴达》。该MV将该台词重复，变调后配上音乐，并在一些原有的家庭滑稽录像中加上了斯巴达国王的头像，达到了极其疯狂的效果。,https://baike.baidu.com/item/%E6%96%AF%E5%B7%B4%E8%BE%BE/2316048,ellalala,形容一个人很疯狂，歇斯底里的意思。,,
6/8/2021 1:31:20,油菜花,天呐！你好油菜花呀！,,5/7/2018,生活,出自《向往的生活2》出的金曲《油菜花》。,https://baike.baidu.com/item/%E6%B2%B9%E8%8F%9C%E8%8A%B1/3546328,ellalala,“有才华”的谐音。,,https://www.youtube.com/watch?v=jHPn6CeVBRo
6/8/2021 1:31:20,毒奶,毒奶黑锅给谁扛？电竞慈禧黄旭东。,,4/17/2017,游戏,出自电竞圈，最早是用来形容星际争霸解说黄旭东的，经常会出现一些他赛前预测时完全意料错的案例。,http://www.ifanjian.net/jbk/dunai.html,ellalala,意指在比赛中看好某方并大力称赞（奶）后，该方却出现失误或者输掉比赛（被毒死了），也就是我们常说的“乌鸦嘴”一词。,,
6/8/2021 1:31:20,官宣,官宣，我和我的偶像结婚了。,,10/16/2018,生活，饭圈,出自2018年10月16日上午，赵丽颖在微博晒出和冯绍峰的结婚证，并且配文：官宣，还加了一个爱心的表情。,http://www.ifanjian.net/jbk/guanxuan.html,ellalala,“官方宣布”的完整说法。,,
6/8/2021 1:31:20,emmm,emmm，我没听懂你的意思。,,1/1/2016,生活,出自2016年，是当时常见的贴吧用语，常用在冷场尴尬的尬聊场合。,http://www.ifanjian.net/jbk/emmmm.html,ellalala,意指别人说的话根本没法接，但是又不得不做出回应敷衍一下。,,
6/9/2021 1:31:20,躺平,我小词今天就是躺平的一天，今天的我是不会像往常一样努力工作了，要知道“生活就像被强奸，如果不能反抗，那就好好享受吧！”,,9/21/2019,生活,出自网友对于目前当下竞争激烈，发展空间受限等社会背景总结的反向生活方式，主要强调用自己的方式消解外在环境对个体的规训，保持轻松与妥协的状态。,https://baike.baidu.com/item/%E8%BA%BA%E5%B9%B3/24123069,fahygao,指的是无论别人做出什么事情，你内心都毫无波澜，对此不会有任何反应或者反抗，表示顺从心理。,,
6/10/2021 1:31:20,输的什么液？想你的夜,“宝我今天去输液，输的什么液？想你的夜。”--王校长,,6/15/2021,生活、饭圈,出自公众人物王思聪被爆的聊天记录。女方因为被王思聪骚扰忍无可忍，将多条聊天记录全部曝光至微博，其中王思聪暧昧中使用了该梗：“输的什么液？想你的夜。” 因为整个故事十分具有槽点以及这句梗具有土味但又有无厘头的喜剧效果，随后被全网疯转。,https://www.zhihu.com/question/465160470,fahygao,意为“我输液输的都是想你的夜（液）”，通过谐音来强调对对方的爱慕之心。,,
6/11/2021 1:31:20,我命油我不油天,,,,,,,,,,
6/8/2021 1:31:20,爆尿,,,,,,,,,,
6/8/2021 1:31:20,栗子,,,,,,,,,,
6/8/2021 1:31:20,表碧莲,,,,,,,,,,
6/8/2021 1:31:20,河蟹,,,,,,,,,,
6/8/2021 1:31:20,挨踢,,,,,,,,,,
6/8/2021 1:31:20,钙片,,,,,,,,,,
6/8/2021 1:31:20,皿煮,,,,,,,,,,
6/8/2021 1:31:20,滋油,,,,,,,,,,
6/8/2021 1:31:20,劍皇師,,,,,,,,,,
6/8/2021 1:31:20,赤果果,,,,,,,,,,
6/8/2021 1:31:20,黃油,,,,,,,,,,
6/8/2021 1:31:20,雞動,,,,,,,,,,
6/8/2021 1:31:20,焚化部,,,,,,,,,,
6/8/2021 1:31:20,啪啪啪,,,,,,,,,,
6/8/2021 1:31:20,石乐志,,,,,,,,,,
6/8/2021 1:31:20,阔以,,,,,,,,,,
6/8/2021 1:31:20,扎心,,,,,,,,,,
6/8/2021 1:31:20,炼铜,,,,,,,,,,
6/8/2021 1:31:20,沙雕,,,,,,,,,,
6/8/2021 1:31:20,鲨了,,,,,,,,,,
6/8/2021 1:31:20,攻城狮,,,,,,,,,,
6/8/2021 1:31:20,孝,,,,,,,,,,
6/8/2021 1:31:20,表,,,,,,,,,,
6/8/2021 1:31:20,酱紫,,,,,,,,,,
6/8/2021 1:31:20,稀饭,,,,,,,,,,
6/8/2021 1:31:20,虾米,,,,,,,,,,
6/8/2021 1:31:20,淫,,,,,,,,,,
6/8/2021 1:31:20,纸,,,,,,,,,,
6/8/2021 1:31:20,帅锅,,,,,,,,,,
6/8/2021 1:31:20,鎂鋁,,,,,,,,,,
6/8/2021 1:31:20,騷年,,,,,,,,,,
6/8/2021 1:31:20,北鼻,,,,,,,,,,
6/8/2021 1:31:20,嗨森,,,,,,,,,,
6/8/2021 1:31:20,魚唇,,,,,,,,,,
6/8/2021 1:31:20,软妹币,软妹币又升值啦。,,1/1/2014,生活，二次元,这一说法最早是从百度贴吧等大型社交网站流行开来（一说是大型热门网游流行开来）。总之，早先因为和谐社会的关係，在各种大型社交网站上会掩蔽诸如：政府，警察，人民币，医疗等等关键词彙（现今部分词彙已经解除掩蔽）。,https://baike.baidu.com/item/软妹币,Crystal Chen,人民币（RMB）的萌化演绎。软ruan 妹mei 币bi与人ren民min币bi开头缩写一致,,
6/8/2021 1:31:20,肿么了,你肿么了？肿么流眼泪了？,,1/17/2014,生活,电视剧《愛情公寓4》唐悠悠说过的词,https://baike.baidu.com/item/肿么了/6825724,Crystal Chen,“怎么了”的谐音梗。山东枣庄一带方言（中国其他地区也有）。,,
6/8/2021 1:31:20,你造吗,晚上去哪儿聚餐你造吗？,台词谐音梗,1/17/2014,生活,电视剧《愛情公寓4》第11集,https://baike.baidu.com/item/我宣你你造吗,Crystal Chen,“你知道吗”的谐音梗。知道拼音为zhī dào，把两个拼音合并然后缩写就是zào(同造发音),,
6/8/2021 1:31:20,我宣你,欧皓辰！我宣你！,台词谐音梗,1/17/2014,生活,电视剧《愛情公寓4》第11集,https://baike.baidu.com/item/我宣你,Crystal Chen,“我喜欢你”的谐音梗。喜欢的拼音：xǐ huān ，把两个拼音合并缩写就是xuān(同宣发音)，就念宣,,
6/8/2021 1:31:20,宝宝,,,,,,,,,,
6/8/2021 1:31:20,麻花疼,,,,,,,,,,
6/8/2021 1:31:20,泥煤,,,,,,,,,,
6/8/2021 1:31:20,泥垢了,,,,,,,,,,
6/8/2021 1:31:20,歪果仁,,,,,,,,,,
6/8/2021 1:31:20,偶,,,,,,,,,,
6/8/2021 1:31:20,猿,,,,,,,,,,
6/8/2021 1:31:20,姬,,,,,,,,,,
6/8/2021 1:31:20,姿势,,,,,,,,,,
6/8/2021 1:31:20,药丸,,,,,,,,,,
6/8/2021 1:31:20,赶脚,,,,,,,,,,
6/8/2021 1:31:20,舅服你,,,,,,,,,,
6/8/2021 1:31:20,好滴,,,,,,,,,,
6/8/2021 1:31:20,炒鸡,,,,,,,,,,
6/8/2021 1:31:20,hin,,,,,,,,,,
6/8/2021 1:31:20,jio,,,,,,,,,,
6/8/2021 1:31:20,脑斧,,,,,,,,,,
6/8/2021 1:31:20,冰阔落,,,,,,,,,,
6/8/2021 1:31:20,妹纸,,,,,,,,,,
6/8/2021 1:31:20,俘虏,,,,,,,,,,
6/8/2021 1:31:20,宁,,,,,,,,,,
6/8/2021 1:31:20,伐木累,,,,,,,,,,
6/8/2021 1:31:20,555,,,,,,,,,,
6/8/2021 1:31:20,6,,,,,,,,,,
6/8/2021 1:31:20,740,,,,,,,,,,
6/8/2021 1:31:20,748,,,,,,,,,,
6/8/2021 1:31:20,8,,,,,,,,,,
6/8/2021 1:31:20,88,,,,,,,,,,
6/8/2021 1:31:20,886,,,,,,,,,,
6/8/2021 1:31:20,94,,,,,,,,,,
6/8/2021 1:31:20,233,,,,,,,,,,
6/8/2021 1:31:20,555,,,,,,,,,,
6/8/2021 1:31:20,8K7,,,,,,,,,,
6/8/2021 1:31:20,B4,,,,,,,,,,
6/8/2021 1:31:20,F5,,,,,,,,,,
6/8/2021 1:31:20,V5,,,,,,,,,,
6/8/2021 1:31:20,小P孩,,,,,,,,,,
6/8/2021 1:31:20,C位,,,,,,,,,,
6/8/2021 1:31:20,996,,,,,,,,,,
6/8/2021 1:31:20,弓虽,,,,,,,,,,
6/8/2021 1:31:20,马叉虫,,,,,,,,,,
6/8/2021 1:31:20,木仓,,,,,,,,,,
6/8/2021 1:31:20,火乍药,,,,,,,,,,
6/8/2021 1:31:20,米田共,,,,,,,,,,
6/8/2021 1:31:20,工口,,,,,,,,,,
6/8/2021 1:31:20,工千,,,,,,,,,,
6/8/2021 1:31:20,大丈夫,,,,,,,,,,
6/8/2021 1:31:20,术力口,,,,,,,,,,
6/8/2021 1:31:20,草,,,,,,,,,,
6/8/2021 1:31:20,思密达,,,,,,,,,,
6/8/2021 1:31:20,欧巴,,,,,,,,,,
6/8/2021 1:31:20,满塞,,,,,,,,,,
6/8/2021 1:31:20,阿加西,,,,,,,,,,
6/8/2021 1:31:20,席八,,,,,,,,,,
6/8/2021 1:31:20,阿嘎西,,,,,,,,,,
6/8/2021 1:31:20,碧池,,,,,,,,,,
6/8/2021 1:31:20,狗带,,,,,,,,,,
6/8/2021 1:31:20,乌拉,,,,,,,,,,
6/8/2021 1:31:20,主条目,,,,,,,,,,
6/8/2021 1:31:20,例,,,,,,,,,,
6/8/2021 1:31:20,例,,,,,,,,,,
6/8/2021 1:31:20,派对,,,,,,,,,,
6/8/2021 1:31:20,长者,,,,,,,,,,
6/8/2021 1:31:20,长老,,,,,,,,,,
6/8/2021 1:31:20,工贼,,,,,,,,,,
6/8/2021 1:31:20,條子,,,,,,,,,,
6/8/2021 1:31:20,WJ,,,,,,,,,,
6/8/2021 1:31:20,丫头行,,,,,,,,,,
6/8/2021 1:31:20,炮党,,,,,,,,,,
6/8/2021 1:31:20,烂党,,,,,,,,,,
6/8/2021 1:31:20,太阳党,,,,,,,,,,
6/8/2021 1:31:20,香油人,,,,,,,,,,
6/8/2021 1:31:20,黄卫兵,,,,,,,,,,
6/8/2021 1:31:20,网特,,,,,,,,,,
6/8/2021 1:31:20,HJ,,,,,,,,,,
6/8/2021 1:31:20,带路党,,,,,,,,,,
6/8/2021 1:31:20,FQ,,,,,,,,,,
6/8/2021 1:31:20,JY,,,,,,,,,,
6/8/2021 1:31:20,GZ,,,,,,,,,,
6/8/2021 1:31:20,屁民,,,,,,,,,,
6/8/2021 1:31:20,八千党,,,,,,,,,,
6/8/2021 1:31:20,蛆化,,,,,,,,,,
6/8/2021 1:31:20,兔子,,,,,,,,,,
6/8/2021 1:31:20,纳杂,,,,,,,,,,
6/8/2021 1:31:20,二杂,,,,,,,,,,
6/8/2021 1:31:20,皇汉,,,,,,,,,,
6/8/2021 1:31:20,湾,,,,,,,,,,
6/8/2021 1:31:20,绿卫兵,,,,,,,,,,
6/8/2021 1:31:20,圣母,,,,,,,,,,
6/8/2021 1:31:20,德棍,,,,,,,,,,
6/8/2021 1:31:20,黃俄,,,,,,,,,,
6/8/2021 1:31:20,缓则,,,,,,,,,,
6/8/2021 1:31:20,药丸党,,,,,,,,,,
6/8/2021 1:31:20,50万,,,,,,,,,,
6/8/2021 1:31:20,注意,,,,,,,,,,
6/8/2021 1:31:20,黑穆三,,,,,,,,,,
6/8/2021 1:31:20,黑墨绿,,,,,,,,,,
6/8/2021 1:31:20,鬼佬,,,,,,,,,,
6/8/2021 1:31:20,鬼子,,,,,,,,,,
6/8/2021 1:31:20,毛妹,,,,,,,,,,
6/8/2021 1:31:20,四毛,,,,,,,,,,
6/8/2021 1:31:20,猴子,,,,,,,,,,
6/8/2021 1:31:20,绿绿,,,,,,,,,,
6/8/2021 1:31:20,大抽風,,,,,,,,,,
6/8/2021 1:31:20,WG,,,,,,,,,,
6/8/2021 1:31:20,CR,,,,,,,,,,
6/8/2021 1:31:20,十字教,,,,,,,,,,
6/8/2021 1:31:20,绿教,,,,,,,,,,
6/8/2021 1:31:20,和平教,,,,,,,,,,
6/8/2021 1:31:20,大于天,,,,,,,,,,
6/8/2021 1:31:20,耳环教,,,,,,,,,,
6/8/2021 1:31:20,普世,,,,,,,,,,
6/8/2021 1:31:20,夹,,,,,,,,,,
6/8/2021 1:31:20,冲塔,,,,,,,,,,
6/8/2021 1:31:20,大杀器,,,,,,,,,,
6/8/2021 1:31:20,零食馆,,,,,,,,,,
6/8/2021 1:31:20,炸药奖,,,,,,,,,,
6/8/2021 1:31:20,冻蒜,,,,,,,,,,
6/8/2021 1:31:20,招核,,,,,,,,,,
6/8/2021 1:31:20,实锤,,,,,,,,,,
6/8/2021 1:31:20,做头发,,,,,,,,,,
6/8/2021 1:31:20,风景线,,,,,,,,,,
6/8/2021 1:31:20,人杈,,,,,,,,,,
6/8/2021 1:31:20,偶,,,,,,,,,,
6/8/2021 1:31:20,美眉,,,,,,,,,,
6/8/2021 1:31:20,妹子,,,,,,,,,,
6/8/2021 1:31:20,老大,,,,,,,,,,
6/8/2021 1:31:20,劳资,,,,,,,,,,
6/8/2021 1:31:20,PO主,,,,,,,,,,
6/8/2021 1:31:20,犬科,,,,,,,,,,
6/8/2021 1:31:20,犬系,,,,,,,,,,
6/8/2021 1:31:20,狼族,,,,,,,,,,
6/8/2021 1:31:20,大虾,,,,,,,,,,
6/8/2021 1:31:20,水友,,,,,,,,,,
6/8/2021 1:31:20,水母,,,,,,,,,,
6/8/2021 1:31:20,沙包,,,,,,,,,,
6/8/2021 1:31:20,土著,,,,,,,,,,
6/8/2021 1:31:20,某某帝,,,,,,,,,,
6/8/2021 1:31:20,某某哥,,,,,,,,,,
6/8/2021 1:31:20,某某党,,,,,,,,,,
6/8/2021 1:31:20,xx狗,,,,,,,,,,
6/8/2021 1:31:20,高富帅,,,,,,,,,,
6/8/2021 1:31:20,矮穷挫,,,,,,,,,,
6/8/2021 1:31:20,白富美,,,,,,,,,,
6/8/2021 1:31:20,土肥圆,,,,,,,,,,
6/8/2021 1:31:20,洗剪吹,,,,,,,,,,
6/8/2021 1:31:20,人才,,,,,,,,,,
6/8/2021 1:31:20,蛋白质,,,,,,,,,,
6/8/2021 1:31:20,火星人,,,,,,,,,,
6/8/2021 1:31:20,党员,,,,,,,,,,
6/8/2021 1:31:20,步兵,,,,,,,,,,
6/8/2021 1:31:20,骑兵,,,,,,,,,,
6/8/2021 1:31:20,怪蜀黍,,,,,,,,,,
6/8/2021 1:31:20,女神,,,,,,,,,,
6/8/2021 1:31:20,搬运工,,,,,,,,,,
6/8/2021 1:31:20,猪队友,,,,,,,,,,
6/8/2021 1:31:20,土豪,,,,,,,,,,
6/8/2021 1:31:20,小学生,,,,,,,,,,
6/8/2021 1:31:20,背杀,,,,,,,,,,
6/8/2021 1:31:20,吴克,,,,,,,,,,
6/8/2021 1:31:20,小鲜肉,,,,,,,,,,
6/8/2021 1:31:20,小嫩肉,,,,,,,,,,
6/8/2021 1:31:20,暖男,,,,,,,,,,
6/8/2021 1:31:20,网红,,,,,,,,,,
6/8/2021 1:31:20,剁手党,,,,,,,,,,
6/8/2021 1:31:20,小奶狗,,,,,,,,,,
6/8/2021 1:31:20,傻白甜,,,,,,,,,,
6/8/2021 1:31:20,萌新,,,,,,,,,,
6/8/2021 1:31:20,直男,,,,,,,,,,
6/8/2021 1:31:20,直男癌,,,,,,,,,,
6/8/2021 1:31:20,小仙女,,,,,,,,,,
6/8/2021 1:31:20,小地缸,,,,,,,,,,
6/8/2021 1:31:20,老实人,,,,,,,,,,
6/8/2021 1:31:20,娘炮,,,,,,,,,,
6/8/2021 1:31:20,文科生,,,,,,,,,,
6/8/2021 1:31:20,舔狗,,,,,,,,,,
6/8/2021 1:31:20,打拳,,,,,,,,,,
6/8/2021 1:31:20,×斯林,,,,,,,,,,
6/8/2021 1:31:20,孤儿,,,,,,,,,,
6/8/2021 1:31:20,熊孩子,,,,,,,,,,
6/8/2021 1:31:20,祖安人,,,,,,,,,,
6/8/2021 1:31:20,x则天,,,,,,,,,,
6/8/2021 1:31:20,婚驴,,,,,,,,,,
6/8/2021 1:31:20,大女主,,,,,,,,,,
6/8/2021 1:31:20,妈宝男,,,,,,,,,,
6/8/2021 1:31:20,基友,,,,,,,,,,
6/8/2021 1:31:20,姬友,,,,,,,,,,
6/8/2021 1:31:20,简称,,,,,,,,,,
6/8/2021 1:31:20,简称,,,,,,,,,,
6/8/2021 1:31:20,简称,,,,,,,,,,
6/8/2021 1:31:20,土澳,,,,,,,,,,
6/8/2021 1:31:20,国,,,,,,,,,,
6/8/2021 1:31:20,旺财,,,,,,,,,,
6/8/2021 1:31:20,二哈,,,,,,,,,,
6/8/2021 1:31:20,滚滚,,,,,,,,,,
6/8/2021 1:31:20,胖达,,,,,,,,,,
6/8/2021 1:31:20,二師兄,,,,,,,,,,
6/8/2021 1:31:20,大橘,,,,,,,,,,
6/8/2021 1:31:20,噬元兽,,,,,,,,,,
6/8/2021 1:31:20,付费版,,,,,,,,,,
6/8/2021 1:31:20,废渣,,,,,,,,,,
6/8/2021 1:31:20,大三亿,,,,,,,,,,
6/8/2021 1:31:20,蛋拐,,,,,,,,,,
6/8/2021 1:31:20,车万,,,,,,,,,,
6/8/2021 1:31:20,给他爱,,,,,,,,,,
6/8/2021 1:31:20,小哑巴,,,,,,,,,,
6/8/2021 1:31:20,毒奶粉,,,,,,,,,,
6/8/2021 1:31:20,山口丁,,,,,,,,,,
6/8/2021 1:31:20,山口山,,,,,,,,,,
6/8/2021 1:31:20,老滚,,,,,,,,,,
6/8/2021 1:31:20,远哭,,,,,,,,,,
6/8/2021 1:31:20,缩水狗,,,,,,,,,,
6/8/2021 1:31:20,基三,,,,,,,,,,
6/8/2021 1:31:20,睾丸,,,,,,,,,,
6/8/2021 1:31:20,氪金,,,,,,,,,,
6/8/2021 1:31:20,大菠萝,,,,,,,,,,
6/8/2021 1:31:20,封神榜,,,,,,,,,,
6/8/2021 1:31:20,诛仙,,,,,,,,,,
6/8/2021 1:31:20,吃鸡,,,,,,,,,,
6/8/2021 1:31:20,鱼塘局,,,,,,,,,,
6/8/2021 1:31:20,刷副本,,,,,,,,,,
6/8/2021 1:31:20,丑女座,,,,,,,,,,
6/8/2021 1:31:20,温道士,,,,,,,,,,
6/8/2021 1:31:20,叉屁,,,,,,,,,,
6/8/2021 1:31:20,小绿人,,,,,,,,,,
6/8/2021 1:31:20,大便,,,,,,,,,,
6/8/2021 1:31:20,地沟油,,,,,,,,,,
6/8/2021 1:31:20,洗发水,,,,,,,,,,
6/8/2021 1:31:20,脸书,,,,,,,,,,
6/8/2021 1:31:20,脸谱网,,,,,,,,,,
6/8/2021 1:31:20,你管,,,,,,,,,,
6/8/2021 1:31:20,辜狗,,,,,,,,,,
6/8/2021 1:31:20,汤不热,,,,,,,,,,
6/8/2021 1:31:20,小蓝鸟,,,,,,,,,,
6/8/2021 1:31:20,M$,,,,,,,,,,
6/8/2021 1:31:20,巨硬,,,,,,,,,,
6/8/2021 1:31:20,田牌,,,,,,,,,,
6/8/2021 1:31:20,1%,,,,,,,,,,
6/8/2021 1:31:20,按摩店,,,,,,,,,,
6/8/2021 1:31:20,农企,,,,,,,,,,
6/8/2021 1:31:20,淫特二,,,,,,,,,,
6/8/2021 1:31:20,牙膏厂,,,,,,,,,,
6/8/2021 1:31:20,十八摸,,,,,,,,,,
6/8/2021 1:31:20,摆渡,,,,,,,,,,
6/8/2021 1:31:20,度娘,,,,,,,,,,
6/8/2021 1:31:20,狼厂,,,,,,,,,,
6/8/2021 1:31:20,度熊,,,,,,,,,,
6/8/2021 1:31:20,锑度,,,,,,,,,,
6/8/2021 1:31:20,百毒,,,,,,,,,,
6/8/2021 1:31:20,卡吧,,,,,,,,,,
6/8/2021 1:31:20,图吧,,,,,,,,,,
6/8/2021 1:31:20,安吧,,,,,,,,,,
6/8/2021 1:31:20,婊吧,,,,,,,,,,
6/8/2021 1:31:20,战吧,,,,,,,,,,
6/8/2021 1:31:20,兔吧,,,,,,,,,,
6/8/2021 1:31:20,纳吧,,,,,,,,,,
6/8/2021 1:31:20,二吧,,,,,,,,,,
6/8/2021 1:31:20,车吧,,,,,,,,,,
6/8/2021 1:31:20,核吧,,,,,,,,,,
6/8/2021 1:31:20,抗吧,,,,,,,,,,
6/8/2021 1:31:20,鹅厂,,,,,,,,,,
6/8/2021 1:31:20,渣Q,,,,,,,,,,
6/8/2021 1:31:20,猪厂,,,,,,,,,,
6/8/2021 1:31:20,网抑云,,,,,,,,,,
6/8/2021 1:31:20,涯叔,,,,,,,,,,
6/8/2021 1:31:20,渣浪,,,,,,,,,,
6/8/2021 1:31:20,围脖,,,,,,,,,,
6/8/2021 1:31:20,逼乎,,,,,,,,,,
6/8/2021 1:31:20,逊雷,,,,,,,,,,
6/8/2021 1:31:20,A站,,,,,,,,,,
6/8/2021 1:31:20,缺B乐,,,,,,,,,,
6/8/2021 1:31:20,B站,,,,,,,,,,
6/8/2021 1:31:20,炮姐,,,,,,,,,,
6/8/2021 1:31:20,皇协站,,,,,,,,,,
6/8/2021 1:31:20,粉紅站,,,,,,,,,,
6/8/2021 1:31:20,屑站,,,,,,,,,,
6/8/2021 1:31:20,N站,,,,,,,,,,
6/8/2021 1:31:20,P站,,,,,,,,,,
6/8/2021 1:31:20,坑爹网,,,,,,,,,,
6/8/2021 1:31:20,狗游,,,,,,,,,,
6/8/2021 1:31:20,震惊部,,,,,,,,,,
6/8/2021 1:31:20,路边社,,,,,,,,,,
6/8/2021 1:31:20,2台,,,,,,,,,,
6/8/2021 1:31:20,番茄台,,,,,,,,,,
6/8/2021 1:31:20,荔枝台,,,,,,,,,,
6/8/2021 1:31:20,三色台,,,,,,,,,,
6/8/2021 1:31:20,孔雀台,,,,,,,,,,
6/8/2021 1:31:20,狐狸台,,,,,,,,,,
6/8/2021 1:31:20,伪满报,,,,,,,,,,
6/8/2021 1:31:20,大妓院,,,,,,,,,,
6/8/2021 1:31:20,C站,,,,,,,,,,
6/8/2021 1:31:20,三棒,,,,,,,,,,
6/8/2021 1:31:20,星星星,,,,,,,,,,
6/8/2021 1:31:20,三爽,,,,,,,,,,
6/8/2021 1:31:20,三丧,,,,,,,,,,
6/8/2021 1:31:20,塑料星,,,,,,,,,,
6/8/2021 1:31:20,相关,,,,,,,,,,
6/8/2021 1:31:20,妈炸星,,,,,,,,,,
6/8/2021 1:31:20,红绿灯,,,,,,,,,,
6/8/2021 1:31:20,肾板,,,,,,,,,,
6/8/2021 1:31:20,爱疯,,,,,,,,,,
6/8/2021 1:31:20,火腿肠,,,,,,,,,,
6/8/2021 1:31:20,后头醜,,,,,,,,,,
6/8/2021 1:31:20,下巴肠,,,,,,,,,,
6/8/2021 1:31:20,菊花,,,,,,,,,,
6/8/2021 1:31:20,增智慧,,,,,,,,,,
6/8/2021 1:31:20,剁手兴,,,,,,,,,,
6/8/2021 1:31:20,剁头派,,,,,,,,,,
6/8/2021 1:31:20,蓝绿厂,,,,,,,,,,
6/8/2021 1:31:20,渣又卡,,,,,,,,,,
6/8/2021 1:31:20,1,,,,,,,,,,
6/8/2021 1:31:20,橙厂,,,,,,,,,,
6/8/2021 1:31:20,猴米,,,,,,,,,,
6/8/2021 1:31:20,断触鲨,,,,,,,,,,
6/8/2021 1:31:20,卢十瓦,,,,,,,,,,
6/8/2021 1:31:20,打快板,,,,,,,,,,
6/8/2021 1:31:20,傻多戴,,,,,,,,,,
6/8/2021 1:31:20,坐牢硕,,,,,,,,,,
6/8/2021 1:31:20,别摸我,,,,,,,,,,
6/8/2021 1:31:20,五菱,,,,,,,,,,
6/8/2021 1:31:20,凄惨红,,,,,,,,,,
6/8/2021 1:31:20,花驰,,,,,,,,,,
6/8/2021 1:31:20,炸弹,,,,,,,,,,
6/8/2021 1:31:20,核弹,,,,,,,,,,
6/8/2021 1:31:20,鱼竿厂,,,,,,,,,,
6/8/2021 1:31:20,任地狱,,,,,,,,,,
6/8/2021 1:31:20,任婊,,,,,,,,,,
6/8/2021 1:31:20,魔力牛,,,,,,,,,,
6/8/2021 1:31:20,脱裤魔,,,,,,,,,,
6/8/2021 1:31:20,卡婊,,,,,,,,,,
6/8/2021 1:31:20,脑残社,,,,,,,,,,
6/8/2021 1:31:20,田社,,,,,,,,,,
6/8/2021 1:31:20,B社,,,,,,,,,,
6/8/2021 1:31:20,生软,,,,,,,,,,
6/8/2021 1:31:20,玻璃渣,,,,,,,,,,
6/8/2021 1:31:20,蒸汽,,,,,,,,,,
6/8/2021 1:31:20,蜗牛社,,,,,,,,,,
6/8/2021 1:31:20,京阿尼,,,,,,,,,,
6/8/2021 1:31:20,节操社,,,,,,,,,,
6/8/2021 1:31:20,骨头社,,,,,,,,,,
6/8/2021 1:31:20,卫星社,,,,,,,,,,
6/8/2021 1:31:20,奸笑社,,,,,,,,,,
6/8/2021 1:31:20,小公主,,,,,,,,,,
6/8/2021 1:31:20,拆局,,,,,,,,,,
6/8/2021 1:31:20,红肠局,,,,,,,,,,
6/8/2021 1:31:20,损局,,,,,,,,,,
6/8/2021 1:31:20,挤局,,,,,,,,,,
6/8/2021 1:31:20,煤局,,,,,,,,,,
6/8/2021 1:31:20,动局,,,,,,,,,,
6/8/2021 1:31:20,纸局,,,,,,,,,,
6/8/2021 1:31:20,跨越局,,,,,,,,,,
6/8/2021 1:31:20,套局,,,,,,,,,,
6/8/2021 1:31:20,抢铁,,,,,,,,,,
6/8/2021 1:31:20,二手局,,,,,,,,,,
6/8/2021 1:31:20,电局,,,,,,,,,,
6/8/2021 1:31:20,标准局,,,,,,,,,,
6/8/2021 1:31:20,金刚局,,,,,,,,,,
6/8/2021 1:31:20,拉面局,,,,,,,,,,
6/8/2021 1:31:20,鸟局,,,,,,,,,,
6/8/2021 1:31:20,菜航,,,,,,,,,,
6/8/2021 1:31:20,擦航,,,,,,,,,,
6/8/2021 1:31:20,木航,,,,,,,,,,
6/8/2021 1:31:20,因航,,,,,,,,,,
6/8/2021 1:31:20,爆炸迪,,,,,,,,,,
6/8/2021 1:31:20,开路迪,,,,,,,,,,
6/8/2021 1:31:20,神车,,,,,,,,,,
6/8/2021 1:31:20,蓝武士,,,,,,,,,,
6/8/2021 1:31:20,港咸,,,,,,,,,,
6/8/2021 1:31:20,苏北狗,,,,,,,,,,
6/8/2021 1:31:20,流浪狗,,,,,,,,,,
6/8/2021 1:31:20,包子,,,,,,,,,,
6/8/2021 1:31:20,宇宙队,,,,,,,,,,
6/8/2021 1:31:20,欧逆酱,,,,,,,,,,
6/8/2021 1:31:20,车子,,,,,,,,,,
6/8/2021 1:31:20,娜四,,,,,,,,,,
6/8/2021 1:31:20,马桶,,,,,,,,,,
6/8/2021 1:31:20,热翔,,,,,,,,,,
6/8/2021 1:31:20,洗衣液,,,,,,,,,,
6/8/2021 1:31:20,二狗,,,,,,,,,,
6/8/2021 1:31:20,栗子,,,,,,,,,,
6/8/2021 1:31:20,挖掘机,,,,,,,,,,
6/8/2021 1:31:20,南大王,,,,,,,,,,
6/8/2021 1:31:20,米屌,,,,,,,,,,
6/8/2021 1:31:20,米兰哥,,,,,,,,,,
6/8/2021 1:31:20,小国际,,,,,,,,,,
6/8/2021 1:31:20,儿x梦,,,,,,,,,,
6/8/2021 1:31:20,毛抬厂,,,,,,,,,,
6/8/2021 1:31:20,每周杯,,,,,,,,,,
6/8/2021 1:31:20,广哨,,,,,,,,,,
6/8/2021 1:31:20,姨妈红,,,,,,,,,,
6/8/2021 1:31:20,原谅绿,,,,,,,,,,
6/8/2021 1:31:20,咸蛋黄,,,,,,,,,,
6/8/2021 1:31:20,清真绿,,,,,,,,,,
6/8/2021 1:31:20,基佬紫,,,,,,,,,,
6/8/2021 1:31:20,忧郁蓝,,,,,,,,,,
6/8/2021 1:31:20,公主紫,,,,,,,,,,
6/8/2021 1:31:20,金,,,,,,,,,,
6/8/2021 1:31:20,坛子,,,,,,,,,,
6/8/2021 1:31:20,ID,,,,,,,,,,
6/8/2021 1:31:20,RT,,,,,,,,,,
6/8/2021 1:31:20,ZT,,,,,,,,,,
6/8/2021 1:31:20,ZZ,,,,,,,,,,
6/8/2021 1:31:20,猴子,,,,,,,,,,
6/8/2021 1:31:20,口球,,,,,,,,,,
6/8/2021 1:31:20,大D,,,,,,,,,,
6/8/2021 1:31:20,塞抹布,,,,,,,,,,
6/8/2021 1:31:20,空降,,,,,,,,,,
6/8/2021 1:31:20,斑竹,,,,,,,,,,
6/8/2021 1:31:20,板斧,,,,,,,,,,
6/8/2021 1:31:20,层主,,,,,,,,,,
6/8/2021 1:31:20,N楼,,,,,,,,,,
6/8/2021 1:31:20,标题党,,,,,,,,,,
6/8/2021 1:31:20,版宠,,,,,,,,,,
6/8/2021 1:31:20,伸手黨,,,,,,,,,,
6/8/2021 1:31:20,X学家,,,,,,,,,,
6/8/2021 1:31:20,纯水,,,,,,,,,,
6/8/2021 1:31:20,海水,,,,,,,,,,
6/8/2021 1:31:20,马克,,,,,,,,,,
6/8/2021 1:31:20,十五字,,,,,,,,,,
6/8/2021 1:31:20,抛砖,,,,,,,,,,
6/8/2021 1:31:20,拍砖,,,,,,,,,,
6/8/2021 1:31:20,潜艇,,,,,,,,,,
6/8/2021 1:31:20,裸奔,,,,,,,,,,
6/8/2021 1:31:20,版聊,,,,,,,,,,
6/8/2021 1:31:20,抢楼,,,,,,,,,,
6/8/2021 1:31:20,沙发,,,,,,,,,,
6/8/2021 1:31:20,板凳,,,,,,,,,,
6/8/2021 1:31:20,地板,,,,,,,,,,
6/8/2021 1:31:20,前排,,,,,,,,,,
6/8/2021 1:31:20,歪楼,,,,,,,,,,
6/8/2021 1:31:20,钓鱼,,,,,,,,,,
6/8/2021 1:31:20,渔场,,,,,,,,,,
6/8/2021 1:31:20,鱼饵,,,,,,,,,,
6/8/2021 1:31:20,毒饵,,,,,,,,,,
6/8/2021 1:31:20,脑补,,,,,,,,,,
6/8/2021 1:31:20,洗地,,,,,,,,,,
6/8/2021 1:31:20,掛路燈,,,,,,,,,,
6/8/2021 1:31:20,转进,,,,,,,,,,
6/8/2021 1:31:20,挖坑,,,,,,,,,,
6/8/2021 1:31:20,坑,,,,,,,,,,
6/8/2021 1:31:20,跳坑,,,,,,,,,,
6/8/2021 1:31:20,填坑,,,,,,,,,,
6/8/2021 1:31:20,坟帖,,,,,,,,,,
6/8/2021 1:31:20,挖坟,,,,,,,,,,
6/8/2021 1:31:20,精分,,,,,,,,,,
6/8/2021 1:31:20,围观,,,,,,,,,,
6/8/2021 1:31:20,群殴,,,,,,,,,,
6/8/2021 1:31:20,点艹,,,,,,,,,,
6/8/2021 1:31:20,路过,,,,,,,,,,
6/8/2021 1:31:20,顶,,,,,,,,,,
6/8/2021 1:31:20,复读机,,,,,,,,,,
6/8/2021 1:31:20,查水表,,,,,,,,,,
6/8/2021 1:31:20,作死,,,,,,,,,,
6/8/2021 1:31:20,挽尊,,,,,,,,,,
6/8/2021 1:31:20,惨案,,,,,,,,,,
6/8/2021 1:31:20,毁三观,,,,,,,,,,
6/8/2021 1:31:20,口胡,,,,,,,,,,
6/8/2021 1:31:20,地图炮,,,,,,,,,,
6/8/2021 1:31:20,灭退保,,,,,,,,,,
6/8/2021 1:31:20,催更,,,,,,,,,,
6/8/2021 1:31:20,咕咕咕,,,,,,,,,,
6/8/2021 1:31:20,空降,,,,,,,,,,
6/8/2021 1:31:20,放卫星,,,,,,,,,,
6/8/2021 1:31:20,轨道炮,,,,,,,,,,
6/8/2021 1:31:20,看看批,,,,,,,,,,
6/8/2021 1:31:20,hea,,,,,,,,,,
6/8/2021 1:31:20,迫害,,,,,,,,,,
6/8/2021 1:31:20,修仙,,,,,,,,,,
6/8/2021 1:31:20,爆吧,,,,,,,,,,
6/8/2021 1:31:20,拆吧,,,,,,,,,,
6/8/2021 1:31:20,独轮车,,,,,,,,,,
6/8/2021 1:31:20,太监,,,,,,,,,,
6/8/2021 1:31:20,烂尾,,,,,,,,,,
6/8/2021 1:31:20,闪,,,,,,,,,,
6/8/2021 1:31:20,火星,,,,,,,,,,
6/8/2021 1:31:20,村通网,,,,,,,,,,
6/8/2021 1:31:20,月经帖,,,,,,,,,,
6/8/2021 1:31:20,有料,,,,,,,,,,
6/8/2021 1:31:20,辣眼睛,,,,,,,,,,
6/8/2021 1:31:20,操作,,,,,,,,,,
6/8/2021 1:31:20,是是是,,,,,,,,,,
6/8/2021 1:31:20,漢化,,,,,,,,,,
6/8/2021 1:31:20,祖安,,,,,,,,,,
6/8/2021 1:31:20,🔒了,,,,,,,,,,
6/8/2021 1:31:20,👴,,,,,,,,,,
6/8/2021 1:31:20,🐮🍺,,,,,,,,,,
6/8/2021 1:31:20,🍋,,,,,,,,,,
6/8/2021 1:31:20,🍔,,,,,,,,,,
6/8/2021 1:31:20,🐍,,,,,,,,,,
6/8/2021 1:31:20,🐛,,,,,,,,,,
6/8/2021 1:31:20,🐷,,,,,,,,,,
6/8/2021 1:31:20,🐱,,,,,,,,,,
6/8/2021 1:31:20,🌾,,,,,,,,,,
6/8/2021 1:31:20,🐸,,,,,,,,,,
6/8/2021 1:31:20,🤓,,,,,,,,,,
6/8/2021 1:31:20,🐻,,,,,,,,,,
6/8/2021 1:31:20,🐼,,,,,,,,,,
6/8/2021 1:31:20,🔫,,,,,,,,,,
6/8/2021 1:31:20,📺,,,,,,,,,,
6/8/2021 1:31:20,📡,,,,,,,,,,
6/8/2021 1:31:20,🐟,,,,,,,,,,
6/8/2021 1:31:20,👊,,,,,,,,,,
6/8/2021 1:31:20,⭕️,,,,,,,,,,
6/8/2021 1:31:20,💊,,,,,,,,,,
6/8/2021 1:31:20,🌶️,,,,,,,,,,
6/8/2021 1:31:20,⏩,,,,,,,,,,
6/8/2021 1:31:20,😅,,,,,,,,,,
6/8/2021 1:31:20,😭,,,,,,,,,,
6/8/2021 1:31:20,泥奏凯,,,,,,,,,,
6/8/2021 1:31:20,靠,,,,,,,,,,
6/8/2021 1:31:20,尼玛,,,,,,,,,,
6/8/2021 1:31:20,透,,,,,,,,,,
6/8/2021 1:31:20,次奥,,,,,,,,,,
6/8/2021 1:31:20,艾玛,,,,,,,,,,
6/8/2021 1:31:20,感人,,,,,,,,,,
6/8/2021 1:31:20,给跪,,,,,,,,,,
6/8/2021 1:31:20,毒奶,,,,,,,,,,
6/8/2021 1:31:20,走你,,,,,,,,,,
6/8/2021 1:31:20,翔,,,,,,,,,,
6/8/2021 1:31:20,喜当爹,,,,,,,,,,
6/8/2021 1:31:20,相关,,,,,,,,,,
6/8/2021 1:31:20,被续了,,,,,,,,,,
6/8/2021 1:31:20,省子弹,,,,,,,,,,
6/8/2021 1:31:20,答题,,,,,,,,,,
6/8/2021 1:31:20,体,,,,,,,,,,
6/8/2021 1:31:20,以上,,,,,,,,,,
6/8/2021 1:31:20,真香,,,,,,,,,,
6/8/2021 1:31:20,想多了,,,,,,,,,,
6/8/2021 1:31:20,科技树,,,,,,,,,,
6/8/2021 1:31:20,彩蛋,,,,,,,,,,
6/8/2021 1:31:20,泥头车,,,,,,,,,,
6/8/2021 1:31:20,破防了,,,,,,,,,,
6/8/2021 1:31:20,信仰,,,,,,,,,,
6/8/2021 1:31:20,人品,,,,,,,,,,
6/8/2021 1:31:20,王道,,,,,,,,,,
6/8/2021 1:31:20,真相,,,,,,,,,,
6/8/2021 1:31:20,臉,,,,,,,,,,
6/8/2021 1:31:20,任性,,,,,,,,,,
6/8/2021 1:31:20,颜值,,,,,,,,,,
6/8/2021 1:31:20,本攻,,,,,,,,,,
6/8/2021 1:31:20,蛋疼,,,,,,,,,,
6/8/2021 1:31:20,搞笑,,,,,,,,,,
6/8/2021 1:31:20,有才,,,,,,,,,,
6/8/2021 1:31:20,石化,,,,,,,,,,
6/8/2021 1:31:20,斯巴达,,,,,,,,,,
6/8/2021 1:31:20,腐女,,,,,,,,,,
6/8/2021 1:31:20,重口味,,,,,,,,,,
6/8/2021 1:31:20,内涵,,,,,,,,,,
6/8/2021 1:31:20,露点,,,,,,,,,,
6/8/2021 1:31:20,逆袭,,,,,,,,,,
6/8/2021 1:31:20,你懂的,,,,,,,,,,
6/8/2021 1:31:20,膜拜,,,,,,,,,,
6/8/2021 1:31:20,吓尿,,,,,,,,,,
6/8/2021 1:31:20,废萌,,,,,,,,,,
6/8/2021 1:31:20,卖肉,,,,,,,,,,
6/8/2021 1:31:20,节操,,,,,,,,,,
6/8/2021 1:31:20,脸刹,,,,,,,,,,
6/8/2021 1:31:20,车震,,,,,,,,,,
6/8/2021 1:31:20,撕逼,,,,,,,,,,
6/8/2021 1:31:20,邪教,,,,,,,,,,
6/8/2021 1:31:20,红裤衩,,,,,,,,,,
6/8/2021 1:31:20,白裤衩,,,,,,,,,,
6/8/2021 1:31:20,毒品,,,,,,,,,,
6/8/2021 1:31:20,实锤,,,,,,,,,,
6/8/2021 1:31:20,云xx,,,,,,,,,,
6/8/2021 1:31:20,凉了,,,,,,,,,,
6/8/2021 1:31:20,海景房,,,,,,,,,,
6/8/2021 1:31:20,烈士墙,,,,,,,,,,
6/8/2021 1:31:20,戏精,,,,,,,,,,
6/8/2021 1:31:20,杠精,,,,,,,,,,
6/8/2021 1:31:20,ETC,,,,,,,,,,
6/8/2021 1:31:20,课代表,,,,,,,,,,
6/8/2021 1:31:20,社会人,,,,,,,,,,
6/8/2021 1:31:20,奔三,,,,,,,,,,
6/8/2021 1:31:20,抖机灵,,,,,,,,,,
6/8/2021 1:31:20,睿智,,,,,,,,,,
6/8/2021 1:31:20,老阿姨,,,,,,,,,,
6/8/2021 1:31:20,逮虾户,,,,,,,,,,
6/8/2021 1:31:20,送分题,,,,,,,,,,
6/8/2021 1:31:20,送命题,,,,,,,,,,
6/8/2021 1:31:20,能打,,,,,,,,,,
6/8/2021 1:31:20,国师,,,,,,,,,,
6/8/2021 1:31:20,丈育,,,,,,,,,,
6/8/2021 1:31:20,桃子,,,,,,,,,,
6/8/2021 1:31:20,白给,,,,,,,,,,
6/8/2021 1:31:20,求生欲,,,,,,,,,,
6/8/2021 1:31:20,小作文,,,,,,,,,,
6/8/2021 1:31:20,缝合怪,,,,,,,,,,
6/8/2021 1:31:20,看月亮,,,,,,,,,,
6/8/2021 1:31:20,套娃,,,,,,,,,,
6/8/2021 1:31:20,扯头花,,,,,,,,,,
6/8/2021 1:31:20,阴间,,,,,,,,,,
6/8/2021 1:31:20,粉红税,,,,,,,,,,
6/8/2021 1:31:20,智商税,,,,,,,,,,
6/8/2021 1:31:20,三连,,,,,,,,,,
6/8/2021 1:31:20,白嫖,,,,,,,,,,
6/8/2021 1:31:20,含x量,,,,,,,,,,
6/8/2021 1:31:20,爹味,,,,,,,,,,
6/8/2021 1:31:20,工具人,,,,,,,,,,
6/8/2021 1:31:20,低情商,,,,,,,,,,
6/8/2021 1:31:20,高情商,,,,,,,,,,
6/8/2021 1:31:20,烫嘴,,,,,,,,,,
6/8/2021 1:31:20,普信,,,,,,,,,,
6/8/2021 1:31:20,刀,,,,,,,,,,
6/8/2021 1:31:20,糖,,,,,,,,,,
6/8/2021 1:31:20,鸡娃,,,,,,,,,,
6/8/2021 1:31:20,武大郎,,,,,,,,,,
6/8/2021 1:31:20,世一大,,,,,,,,,,
6/8/2021 1:31:20,吓大的,,,,,,,,,,
6/8/2021 1:31:20,牛剑,,,,,,,,,,
6/8/2021 1:31:20,夜大,,,,,,,,,,
6/8/2021 1:31:20,盆大,,,,,,,,,,
6/8/2021 1:31:20,庙大,,,,,,,,,,
6/8/2021 1:31:20,我姓邓,,,,,,,,,,
6/8/2021 1:31:20,拽大,,,,,,,,,,
6/8/2021 1:31:20,痞大,,,,,,,,,,
6/8/2021 1:31:20,玉米地,,,,,,,,,,
6/8/2021 1:31:20,哦呦,,,,,,,,,,
6/8/2021 1:31:20,不可爱,,,,,,,,,,
6/8/2021 1:31:20,牛村,,,,,,,,,,
6/8/2021 1:31:20,小苏打,,,,,,,,,,
6/8/2021 1:31:20,有木有,,,,,,,,,,
6/8/2021 1:31:20,傷不起,,,,,,,,,,
6/8/2021 1:31:20,么么哒,,,,,,,,,,
6/8/2021 1:31:20,妹xx,,,,,,,,,,
6/8/2021 1:31:20,四等人,,,,,,,,,,
6/8/2021 1:31:20,马润,,,,,,,,,,
6/8/2021 1:31:20,狗,,,,,,,,,,
6/8/2021 1:31:20,水,,,,,,,,,,
6/8/2021 1:31:20,铁,,,,,,,,,,
6/8/2021 1:31:20,花生米,,,,,,,,,,
6/8/2021 1:31:20,梭子,,,,,,,,,,
6/8/2021 1:31:20,党费,,,,,,,,,,
6/8/2021 1:31:20,二踢腳,,,,,,,,,,
6/8/2021 1:31:20,窜天猴,,,,,,,,,,
6/8/2021 1:31:20,炸B,,,,,,,,,,
6/8/2021 1:31:20,大炸B,,,,,,,,,,
6/8/2021 1:31:20,舔地,,,,,,,,,,
6/8/2021 1:31:20,菊花,,,,,,,,,,
6/8/2021 1:31:20,三姨夫,,,,,,,,,,
6/8/2021 1:31:20,水柜,,,,,,,,,,
6/8/2021 1:31:20,謝饅頭,,,,,,,,,,
6/8/2021 1:31:20,盾,,,,,,,,,,
6/8/2021 1:31:20,杠,,,,,,,,,,
6/8/2021 1:31:20,26式,,,,,,,,,,
6/8/2021 1:31:20,大黑星,,,,,,,,,,
6/8/2021 1:31:20,大八粒,,,,,,,,,,
6/8/2021 1:31:20,水连珠,,,,,,,,,,
6/8/2021 1:31:20,喷子,,,,,,,,,,
6/8/2021 1:31:20,筷子,,,,,,,,,,
6/8/2021 1:31:20,鸭子,,,,,,,,,,
6/8/2021 1:31:20,城管,,,,,,,,,,
6/8/2021 1:31:20,發財,,,,,,,,,,
6/8/2021 1:31:20,收費,,,,,,,,,,
6/8/2021 1:31:20,暴兵,,,,,,,,,,
6/8/2021 1:31:20,下餃子,,,,,,,,,,
6/8/2021 1:31:20,包餃子,,,,,,,,,,
6/8/2021 1:31:20,石榴,,,,,,,,,,
6/8/2021 1:31:20,石榴娘,,,,,,,,,,
6/8/2021 1:31:20,蟲子,,,,,,,,,,
6/8/2021 1:31:20,大貓,,,,,,,,,,
6/8/2021 1:31:20,紅酒,,,,,,,,,,
6/8/2021 1:31:20,彈弓,,,,,,,,,,
6/8/2021 1:31:20,水产,,,,,,,,,,
6/8/2021 1:31:20,航媽,,,,,,,,,,
6/8/2021 1:31:20,頂個球,,,,,,,,,,
6/8/2021 1:31:20,新青年,,,,,,,,,,
6/8/2021 1:31:20,动物流,,,,,,,,,,
6/8/2021 1:31:20,猴版,,,,,,,,,,
6/8/2021 1:31:20,演戲,,,,,,,,,,
6/8/2021 1:31:20,大白菜,,,,,,,,,,
6/8/2021 1:31:20,大月餅,,,,,,,,,,
6/8/2021 1:31:20,蘿莉控,,,,,,,,,,
6/8/2021 1:31:20,猥琐,,,,,,,,,,
6/8/2021 1:31:20,手淫,,,,,,,,,,
6/8/2021 1:31:20,胶水,,,,,,,,,,
6/8/2021 1:31:20,要你命,,,,,,,,,,
6/8/2021 1:31:20,庫,,,,,,,,,,
6/8/2021 1:31:20,盧,,,,,,,,,,
6/8/2021 1:31:20,東,,,,,,,,,,
6/8/2021 1:31:20,爽,,,,,,,,,,
6/8/2021 1:31:20,外媒,,,,,,,,,,
6/8/2021 1:31:20,豆瓣,,,,,,,,,,
6/8/2021 1:31:20,叫你模仿不是让你超越,,,,,,,,,,