word,审核员,creator ,长释义,origin,tag,例句,link（图，解释）,短释义,,年份,date
肌肉金轮,2,eric99,指主播大司马与暴躁肌肉男的结合体。,出自一名视频up主使用AI换脸把知名游戏主播大司马与一个国外的肌肉男进行换脸，不停展示自己的身材，毫无违和感。因为大司马真名“金龙”被主播PDD误叫“金轮”，“肌肉金轮”成为了广大网友调侃大司马的爆火段子。,游戏,肌肉金轮是为数不多让我百看不厌的主播视频。,巨肌肉金轮：https://www.bilibili.com/video/BV1Mo4y127Nm?from=search&seid=5560352774190095363,芜湖大司马的换脸肌肉视频,,2021,8/23/2021
痛苦面具,2,eric99,形容一个人做出的表情很扭曲痛苦。,出自是王者荣耀中的一件装备，其长相看起来像一个面部扭曲的小丑。经常出现在一些搞笑的视频中，如男的撞见了前女友，或者被绿了后，五官就会扭曲，带上痛哭面具。,游戏,跟我提分手可以，但请不要给我带上痛苦面具。,,举铁的时候镜中痛苦的表情,,2021,8/24/2021
这一枪叫做晚安,2,eric99,形容枪法非常无敌。一般用于吃鸡游戏中，任何人被打中一枪你就长眠。,出自吃鸡游戏圈，一般玩AWM很神的人会用这句话来体现出自己的水平。,游戏,哎，没办法我就是准，这一枪叫做晚安。,,射击游戏中露头就死，屏幕变暗,,2021,8/25/2021
可以但没必要,2,eric99,自己明明做不到的事情说成自己可以，只是没必要做。,"出自主播山泥若的梗，他和德云色去喝酒，直播的弹幕说山泥若只要喝酒就送他awm（礼物，似大火箭），山泥若说，""可以喝，但是没必要。"" 这梗随后就火了，被网友在广大领域使用。",游戏,我可以给你解释，但是没必要。,,到底有没有必要,,2021,7/27/2021
60e,2,eric99,形容粉丝很多人气很旺，一般用于Team WE电子竞技俱乐部的粉丝俗称。,出自体育圈追星科比的一个梗，科比虽然已经退役，但他在他粉丝——60e心中依然无可替代。60e刚出现时是因为一位科比狂热的粉丝宣称科蜜全球“60亿”，当时全地球人口也才60亿，后来就成为了粉丝的代名词，如取得全球总冠军的WE号称宇宙战队，因为地球总人口为60亿，粉丝就以此命名自己为60e（亿），也被称之为宇宙粉。,游戏,WE任你飞，60e永相随！,,WE的粉丝,,2021,8/21/2021
当狗中单,2,eric99,被队友出卖（当诱饵）的中单玩家。,出自英雄联盟的比赛中，IG选手Jackey Love在团队语音对中单宋义进说”义进“给我当波狗。,游戏,可以当狗中单，但没必要。,,工具人中单给c位当小弟,,2021,8/20/2021
炸鱼,2,eric99,一般指电竞游戏中，高水平老玩家隐匿于低段位玩家群体并对其恶意欺凌， 强烈影响低段位玩家的游戏体验。,不明,游戏,炸鱼不为了带妹的都是假话。,,高端玩家用小号欺负低端玩家,,2021,8/21/2021
下饭,2,eric99,通常指主播水平很菜。因为太多“菜”，所以下饭。 ,出自英雄联盟主播大司马，因为他有一段时间的操作特别的菜被网友戏称看大司马打游戏吃东西很香，于是有了下饭这个词。,游戏,这波操作可是真的下饭！,,操作太菜,,2021,8/24/2021
我大E了啊，没有闪,2,eric99,指英雄联盟中有E（技能），没有闪（闪现），但可泛用于任何场合。,出自有争议的武术爱好者马保国， 因一段“闪电三连躺”的视频在网上迅速走红。 在与两位年轻人搏武时，因躲闪不及，语出 ”我大意了，没有闪“并谴责“年轻人不讲武德。此梗迅速走红，并且在英雄联盟等游戏中广泛使用。,游戏,“我大E了啊，没有闪” -亚索自白,,“我大意了啊，没有闪”,,2021,8/20/2021
女人只会影响我拔刀的速度,2,eric99,表示女人会影响自己打游戏，常用于调侃。,出自仙剑奇侠传电视剧中重楼对飞蓬说的一句话：“你就是背负了太多，xxx，只会影响你拔刀的速度。”,游戏,虽然俗话说女人只会影响我拔剑的速度，但凭我的实力，还是可以带你上分的～,https://www.zhihu.com/question/409391490/answer/1633643108,一心旁骛打游戏，不需要女人,,2021,8/19/2021
伏地魔,2,eric99,指的是喜欢匍匐埋伏在草里的玩家。,出自于J·K·Rowling的《哈利·波特》，其中最大反派的反派角色中文译名为“伏地魔”。但在PUBG（吃鸡）游戏中，该词因为本身的形象受人熟知，又可以生动地表示“伏在地上的人“的意思，就此广而告之。,游戏,我每次玩吃鸡别的不怕，就怕伏地魔突然给我一枪。,,趴在地上阴人,,2021,8/14/2021
刮痧,2,eric99,指游戏中物理核打人不掉血，类似刮痧，一套技能给别人就做了套按摩。,不明,游戏,你这伤害给我刮痧呢。,,打不动不掉血,,2021,8/20/2021
草丛三姐妹,2,eric99,一般指王者荣耀里的三位法师：妲己、安琪拉、王昭君，因为经常蹲草丛用技能阴别人制造伤害而出名。,出自王者荣耀的三位女性角色，游戏中他们的技能非常适合在草丛里进行施展。,游戏,草丛三姐妹的技能真的一个比一个狗。,,安琪拉、王昭君、妲己,,2021,8/25/2021
321开团,2,eric99,指开团的时候大喊“3，2，1”，是众所周知的错误开团方式。 ,出自电竞剧《你微笑时很美》里一电竞比赛场景，其中剧中情节抄袭及无厘头尺度过大，受网友吐槽；因为真实比赛形势变化多端，不可能有3秒钟准备。后经LPL选手Shad0w输比赛后玩梗：“怪我怪我，我不应该说321开团的：。一句话受无数好评，使该梗立马走红。,游戏,321开团后就触发了泉水被动。,,你开团会倒数3、2、1吗？,,2021,8/24/2021
首先是犯下了傲慢之罪,2,eric99,指任何对神的“亵渎”，形容其他人不自量力。,出自B站UP主“Bella小姐月光加冕”的文章《乌兹为什么是神》，其中up主吐槽imp、Piglet以及Bang等七位ADC选手（后被称电竞七宗罪），然后将Uzi塑造成神的形象，原因十分离谱被抗吧玩家搬运，流传了起来。,游戏,案发现场：https://newyx-img.hellonitrack.com/m00/38/30/18fa7f6cdeece86522080fbabfa79f9c.jpg,,你不能获得神的宽恕与原谅,,2021,8/24/2021
B+战队,2,eric99,意指不被看好的战队，但实则非常有实力。,出自英雄联盟解说米勒在开赛前对LPL各支战队进行的评级。RNG在春季赛时被米勒定为“B+战队”，但最后夺冠了，所以“B+”又有了毒奶的意思，所以在看比赛的时候经常有弹幕刷“B+战胜S+”，“小心B+”等。,游戏,说个笑话，B+战队的RNG。,,"看似评分B+,实则S+",,2021,8/25/2021
健身环,2,eric99,指任天堂的一款游戏，玩家需要用特定装备来玩游戏同时又可以健身。,出自Switch的游戏《健身环大冒险》，因为作为RPG游戏以及拥有自家制作传统游戏的理念，同时又融入了健身的元素和意识，让玩家在健身中游玩，非常享受；后被玩家疯传，各种游戏与健身博主种草而出名。,游戏,健身环这机制是我每天健身的活力源泉。,,任天堂的黑科技,,2021,8/23/2021
NT,2,eric99,“Nice Try/Noob Team”的英文首字母缩写也可表示”脑瘫“的拼音缩写，多用于攻击自己看不顺眼的人或自己看不顺眼的行为。该词具有侮辱性，请慎用！,不明,游戏,NT，你除了莽真的没一点技术。,,脑瘫行为,,2021,8/24/2021
蹲点,2,eric99,指守在某个地方或者等待某事的发生。一般在FPS游戏中形容卡爆点，来埋伏对手。,不明,游戏,别去A点了小心被蹲（点）！,,守株待兔,,2019,8/25/2021
祖安人,2,eric99,指在网络上很能骂、很能喷的人。,出自英雄联盟中的一个游戏地区，也是中国服务器的电信二区的名称。祖安人即为游戏英雄联盟中电信二区的玩家。,游戏,告诫所有小朋友们，不要做祖安人,,骂骂咧咧,,2020,7/27/2021
一诺行为,2,eric99,指非常坑队友的玩家。,出自王者荣耀2018年KPL秋季赛，一诺用大招推开典韦配合队友完成击杀，再绕后一个被动冲顶完成0换4。但此时一诺还想将仅存的吕布留下，再一个被动把正在释放1技能的吕布推到了残血队友的脸上，导致四个队友都被敌方英雄吕布一刀收下。因为情节太过于戏剧化以及奇葩，而被疯传调侃。,游戏,案发现场：http://tukuimg.bdstatic.com/scrop/63dfba0c87c1394b36d3bd9b11ea140a.gif,http://tukuimg.bdstatic.com/scrop/63dfba0c87c1394b36d3bd9b11ea140a.gif,大义灭亲,,2018,8/21/2021
我黑切呢,3,eric99,指大司马光速误卖“黑切”，惨遭反杀的事件，多用来被玩家调侃大司马的失误瞬间。,出自电竞圈大司马最失了智的瞬间，在泉水当中由于自己手速过快多点了一次鼠标卖掉了自己的成品装备黑色切割者导致出门被击杀，对着屏幕怒吼：“我黑切呢！？”随后被网友疯转。,游戏,案发现场：https://www.bilibili.com/video/BV1Cp411f7en/,https://www.bilibili.com/video/BV1Cp411f7en/,黑切神秘消失事件,,,8/20/2021
嘴强王者,3,eric99,指游戏里只会打嘴炮但技术不好的人。,"出自英雄联盟中排位赛最高水平：“最强王者”。 而""嘴强王者""则由其演变而来，是喷别人纸上谈兵，眼高手低的一个词。",游戏,我弟弟干啥啥不行，嘴强王者第一名。,,小学生的操作+死侍的嘴,,,8/21/2021
直接往我嘴里种水稻,3,eric99,一般指游戏中，玩家水平操作过于菜，辣眼睛。,出自电竞圈“下饭” 一词，网友对其进行引申成直接嘴里塞饭，而饭又出自水稻。,游戏,你这操作真的直接往我嘴里种水稻。,,袁隆平都有被气到,,,8/24/2021
装杯,3,eric99,“装逼”的谐音，用来调侃非常装但又很厉害的人。,出自英雄联盟职业选手Jacklove（阿水）和前职业选手姿态再一次姿态的直播中两人被排到了同一方，在最后拆对方高地的时候，阿水拿了5杀之后退游了（其实就是常见的对方/我方基地爆炸前退游，能卡掉结算界面，更快进入下一局），然后姿态打趣地说到：“装杯，文波（喻文波，阿水的本名）喜欢装杯。”,游戏,五杀后直接走到对方泉水里，太装杯了。,,装b的引申,,,8/20/2021
科比,3,eric99,一般游戏中形容抢人头、自私、抢资源，一人吃三路的意思。,出自英雄联盟主播山泥若玩诺手，手里捏着传送一直不放，被观众称“这也不传那也不传，你就是科比？ ”后火遍全网。,游戏,你一个打野天天收我中路线，你就是科比？,,就怕科比玩的菜,,,8/19/2021
five,3,eric99,“废物”的谐音，一般在游戏使用，常搭配 ”铁five”。,不明,游戏,瑶不是five，玩的不好的瑶才是。,,废物,,,8/14/2021
合肥推拿,3,eric99,指的是梦魇的Q。,出自英雄联盟电竞主播智勋，他在一次直播中将梦魇的Q技能称为“合肥推拿”，因为技能动作形象到位，后引得网友疯传。,游戏,合肥推拿一时爽，一直推拿一直爽。,,梦魇中单的立身之本,,,8/20/2021
年轻人不讲武德,3,eric99,一般用于调侃对方在自己没有防备的时候偷袭制造伤害。,出自“浑元形意太极拳掌门人”马保国在一次视频中，因为被打展开对两个年轻人的痛斥：“年轻人不讲武德、你们耗子尾汁！”，因为他的人物形象和方言的偏差感颇有喜剧性，被网友疯转。,游戏,“年轻人不讲武德、你们耗子尾汁！” ,,马宝国无能狂怒,,,8/25/2021
注意进厂时机,3,eric99,意为“注意进场时机”，一般用来指游戏中，突进到敌人身边的时机很关键。,不明,游戏,一诺就是一个很会注意进厂时机的人。,,成败与否全看时机,,,8/24/2021
摸眼下楼,3,eric99,指的是世界第一盲僧InSec摔下楼骨折事件，盲僧W的技能别称叫做“摸眼”。,出自电竞圈在2015年英雄联盟德玛西亚杯时，因主办单位标示不清晰，选手In-Sec在离场时想要节省时间便直接从二楼跳下，直接导致腿部骨折。随后网友将此新闻与其擅长的英雄盲僧的技能融合在了一起，颇有喜感。,游戏,别玩盲僧走火入魔了，小心摸眼下楼。,,In-Sec的被动技能,,,8/24/2021
可杰黄buff,3,eric99,指的是可杰直播前看黄片事件。,出自电竞主播可杰，在他直播的时候切后台被发现后台有小电影（yellow），同时也经常打野位，随后粉丝称之为打野主播（需要打buff）+yellow=黄buff。,游戏,你这开局怎么这么强，不会是有可杰黄buff吧,,别人都是红蓝，而我是黄,,,8/25/2021
重开,3,eric99,指的是通过送人头、快速投降等方式重新开始新一局游戏。,出自主播孙笑川的某次直播，孙笑川笑着说；“想重开了，人生太难了。”随后引发热议。,游戏,3个法师怎么玩？重开，重开！,,下一局，谢谢,,,8/23/2021
我就是版本,3,eric99,指的是不论版本怎么变，都是无敌的存在。,出自英雄联盟解说在OMG对决RNG的时候，说到：“如果这局RNG赢了，小虎的采访时就会说，‘我就是版本’”。画面感与喜感非常强，后受网友热议。,游戏,别说李白这个版本不强，我就是版本！,,我就是这个游戏的King,,,8/24/2021
口胡王,2,eric99,指的是游戏王规则不全，全靠瞎掰。,出自动画片游戏王卡牌游戏的一种战略。指使用嘴炮攻击的对象并非敌人，而是偷换扭曲世界规则以强行获得游戏胜利，或在游戏中获得优势。后来因为这个战术太过赖皮，被众玩家熟知。,游戏,《游戏王》前期全是口胡好吧～,,赢就完事了,,,8/25/2021
救救我救救我,2,eric99,指需要帮助，但用和平精英里的语气来说颇有喜感。,出自和平精英中的一段快捷语音，一般是在游戏中被敌方打倒时使用，或需要队友帮助时使用。后来经常在部分游戏类或者搞笑类的视频背景音乐中出现。,游戏,救救我救救我，我又又又被Gank了！,,🆘,,,7/27/2021
金色的雨,2,eric99,指英雄联盟的总冠军。,出自英雄联盟S8赛季RNG战队粉丝常说的一句话——“等一场金色的雨”。“金色的雨”，就是在LOL赛事里夺冠后舞台上空飘下的金色彩带。它象征着胜利和冠军。,游戏,什么时候RNG可以再下一场金色的雨呢？,,LOL总冠军,,,8/21/2021
小小竞技场，十个厨师长,2,eric99,形容大家都打得菜，操作十分下饭。,出自英雄联盟中一玩家的自嘲。,游戏,情景：王者打到40分钟，两方比分100-100，小小竞技场，十个厨师长.,,到底谁做的更好吃？,,,8/20/2021
智商检测夹,2,eric99,"指玩家把英雄的技能（夹子）放在路中央，随缘地夹住一个幸运（没长眼）的小朋友
由于在路中央被夹子夹到会显得非常蠢，故称为“智商检测夹”",出自彩虹六号的人物角色夹子妹，她的技能就是放夹子制造伤害。,游戏,这个年头谁玩彩六没被智商检测夹夹过？,,大马路中间的坑谁会踩？,,,8/21/2021
禁止职业选手参赛,2,eric99,调侃某些玩家的实力过强宛如职业玩家，盖住了其他人的表现。,出自B‌‌‌​‌​‌‌‌​‌‌‌​​‌‌​​​站常用弹幕，常在一些沙雕名场面的弹幕中出现，表示视频中的人物的行为深入人心。,游戏,禁止职业选手参赛使用情况：梦泪出现在青铜局里。,,一个玩家的水平已经超出常人,,,8/24/2021
直接打花,2,eric99,指游戏中一方队伍将另一方直接打得得落花流水，毫无抵抗之力。,不明,游戏,开局10-1直接打花啊。,,被打到6分投,,,8/20/2021
你可真会直播啊,2,fahygaoyf,形容别人游戏水平很菜。,不明,游戏,不是你这1-10-0的辅助可太会直播了。,,操作拉垮,,,8/19/2021
白给,2,fahygaoyf,指游戏中的玩家在没有为己方作出任何贡献的情况下阵亡并让敌人将自己的装备捡走。也有人将该词解释为没有取得最终的胜利，即只要没赢都是白给。,出自CSGO主播茄子，指的是”没有对己方作出任何贡献就死了“的送人头行为。,游戏,犹豫就会败北，果断就会白给。,,送人头,,,8/14/2021
跳票,3,fahygaoyf,指游戏原定上线时间一再推迟无法按照原定日期正常公布。,出自金融圈，指由于支票帐户内没有钱，金融机构没法兑付支票，遂把此空头支票寄还给支票持有人的个人行为；后被网友拿来在游戏圈内广泛使用。,游戏,有比《赛博朋克》更跳票的游戏吗？,,哎，就是不出，就是玩,,,8/20/2021
任天堂就是世界的主宰,3,fahygaoyf,一般情况是对任天堂真诚的赞美，但有时也可能是反向玩梗，充满调侃意味。,出自著名游戏视频作者喷神James在其节目《​​‌​‌​‌‌​The Angry Video Game Nerd(AVGN》说的一句话。他在演示游戏时，用一个任天堂NES操控器操控了美国的自由女神像，后说“Nintendo ruled the fuck of the world”；后来被传入国内，被配上“任天堂他妈的就是世界的主宰”的翻译，经过传播后，经常被国内的主机玩家引用。,游戏,玩塞尔达传说的时候曾一度认为任天堂就是世界的主宰,,有比任天堂更nb的公司吗？,,,8/25/2021
hasaki,3,eric99,指英雄联盟里面亚索的技能“hasaki” 刃先(はさき) ，剑刃的意思。 ,出自英雄联盟里亚索的台词，“hasaki风术”就是“疾风斩”。,游戏,"Nobody：
人行道上的小学生：Hasaki！",,LOL疾风剑豪亚索：面对疾风吧！,,,8/24/2021
肾么事,3,fahygaoyf,“什么事”的山东方言谐音。,"出自于“浑元形意太极门掌门人”马保国的一段自白，在视频中马先生吐槽自己收到无名小辈攻击，但因其带有方言的口音和奇葩的形象令人印象深刻；该视频段时间内被全网疯转，其中“肾么事”等诸多新梗词便来自于此视频。
",生活,51凡是发生肾么事了？,,发生啥事,,,8/24/2021
我活过来了,3,fahygaoyf,指经历了难以忍受的困难，重新复活的意思。,出自一网友调侃视频中外卖小哥被螺蛳粉臭到的情形，以及之后的“死而复生”。,生活,案发现场：https://jikipedia.com/definition/260671270,,字面意思,,,8/25/2021
秋梨膏,3,eric99,“求你了”的广东方言谐音。,出自CSGO主播茄子在直播中有一句常说的台词：“A1高闪来一个好吗，求你了！”由于是广东人说话带口音，喊这句话时也比较激动，“求你了”三个字发音不清，空耳作“秋梨膏”。,生活,别再送人头了瑶妹，秋梨膏！,,求你了,,,8/23/2021
笑拉了,3,fahygaoyf,“笑死了”和“笑屎了”的同义词，形容非常搞笑。,不明,生活,这视频我笑拉了,,哈哈哈哈哈,,,8/24/2021
xswl,3,fahygaoyf,“笑死我了”的拼音首字母缩写，一般用来形容很好笑的事情，但在饭圈带有嘲讽等负面含义。,出自饭圈，源于饭圈网民对明星相关的搞笑事件评论，后来出圈广泛进入大众视野。,生活,小词每次看完德云社后脑子里唯一的感慨：“郭德纲的相声表演真的xswl哈哈哈哈哈”,,笑死我了,,,8/25/2021
awsl,3,fahygaoyf,"""啊我死了”的拼音首字母缩写，一般用来形容对看到可爱之物时的激动心情。",出自2018年虚拟主播白上吹雪。白上吹雪因为可爱的外形吸引了大批粉丝，他们在白上吹雪的弹幕大规模刷起了awsl。该词因此走红。,生活,awsl，这小狗也太可爱了吧！,,啊我死了,,,7/27/2021
yyds,3,fahygaoyf,“永远滴神”的拼音缩写，形容宇宙无敌、浩然伟岸的人事物。,出自直播圈，有一次主播山泥若称呼Uzi为“永远滴神”，后被粉丝带出圈。 ,生活,Uzi，yyds！,,永远滴神=NB！,,,8/21/2021
u1s1,3,fahygaoyf,“有一说一”的拼音缩写，又名“y1s1”，用来强调后/前半句话的内容。,出自直播圈，“有一说一”是主播“Last炫神”经典的口头禅，粉丝和观众在弹幕中进行刷屏模仿，随后快速出圈被更多的网友所熟知。,生活,u1s1，这打蛋机买的真的不行。,,有1说1,,,8/20/2021
拿来吧你,3,fahygaoyf,直译为“给我吧你”，想拥有某个东西，也有开玩笑且羡慕的成分。,出自抖音用户“刘子”，在他的视频中每当出现有索要东西的情节时，都会有一句魔性的话外音“拿来吧你”；由于语气太过魔性与情节无厘头；导致其火遍抖音。,生活,哇这你女朋友？嘿挺好，拿来吧你！,,给我吧你,,,8/21/2021
躲汉子,3,fahygaoyf,通过递话筒来躲避唱不上高音的尴尬。,出自歌手乌兰图雅在演唱《套马杆》的副歌片段“套马的汉子你威武..”时，总会把话筒对向观众，而一般都是刚好进行到“汉子”部分。网友调侃她这种试图蒙混过关逃避高音的方式为“躲汉子”。,生活,乌兰图雅到底躲过多少汉子？,,一如既往地躲高音,,,8/24/2021
你是什么牛马,3,fahygaoyf,形容为人做牛做马的人。现有垃圾的意思。,出自抖音主播刀酱，因为他的忠实粉丝在别的直播间刷礼物，就骂他是牛马。辛苦工作赚血汗钱给别人刷礼物。后来网络就流行用“牛马”形容人。,生活,一直在我庄园里偷东西，你算什么牛马？,,你算老几,,,8/20/2021
PUA,3,fahygaoyf,直译搭讪艺术家，泛指很会吸引异性、让异性着迷的人和其相关行为。,出自美国当代“约炮”文化，全称“Pick-up Artist“。,生活,讨人喜欢，油嘴滑舌就是PUA了吗？,,搭讪艺术家(Pick-up Artist) ,,,8/19/2021
猎手以猎物出现,3,fahygaoyf,常出现在抖音的一些美女帅哥视频中，特点是视频主人公装成楚楚可怜让人疼爱的样子，令观众对TA产生保护欲。同时，在恋爱的套路中也常常用到。,不明,生活,姐妹们我被PUA了，本以为找到了属于自己的清纯大男孩，没想到他居然是猎手以猎物出现。,,钓鱼把妹的一种手段,,,8/14/2021
勇敢牛牛，不怕困难,3,fahygaoyf,用来《振奋人心》、《鼓舞人心》，使用这个梗的时候一定要配上原汁原味的图片加语音才可以。,出自抖音一网友分享的聊天截屏视频，其中他大喊“勇敢牛牛，不怕困难”并搭配了一张表情包：熊猫人添加了“🐮”的emoji；这个非常无厘头的搭配引起网友热议疯转，之后热度冲上抖音热榜前三。同时，在动画片《汪汪立大功》中，也有对其中台词“勇敢狗狗，不怕困难”的致敬。,生活,巨“勇敢牛牛，不怕困难”视频：https://www.bilibili.com/video/BV1hh411h7KT?from=search&seid=3377474789809913687,,当今很有气势但又很吵的口号,,,8/20/2021
岛民,3,fahygaoyf,形容某人奇葩的说话逻辑或奇怪的思维 ,出自明侦第二季第十一期《疯狂马戏团》在爱乐之岛，当撒贝宁顶着一身印第安人的扮相胡乱唱歌“@#￥*¥@&&”，介绍自己后，魏晨在旁边马上给他“翻译”：“他说他是岛民。”颇有喜感引得观众开始疯传。,生活,案发现场：https://www.bilibili.com/video/BV1bb41157Kz?from=search&seid=14821383271389990223,,撒贝宁：@$#@$$,,,8/25/2021
蚌埠住了,3,fahygaoyf,“绷不住了”的谐音，用来形容自己情感上受到了较大冲击，快撑不住了，要哭/笑/生气了。,出自贴吧的网民，一般是用在一些非常搞笑的地方。蚌埠指安徽省地级市，重要的综合性工业基地，皖北中心城市。,生活,看完这么多搞笑的帖子，蚌埠住了,,安徽除芜湖外第二大梗,,,8/24/2021
梅开二度,3,fahygaoyf,指的是某人因疏忽或者故意水导致情节重复时，观众打出此梗表示已经看过了,出自B站弹幕区，粉丝对UP主重复失误或节目效果的形容。,生活,B站UP主梅开二度最多的应该是小潮吧,,故技重施,,,8/24/2021
蒙古上单,3,eric99,是一名B站用户的ID名，用来形容如他一样敢于正面对抗的暴躁老哥。,出自2020年其在B站《后浪》视频下对B站CEO陈睿评论的回复，以为内容信息恶劣，被删除加封号7天。后来原截图风靡网络，引起网友热议。最近B站停电，服务器崩溃事件更是被网友Cue到，说是“蒙古上单革命成功了”。,生活,B站停电了，蒙古上单革命成功！,,敢于正面对抗权威,,,8/25/2021
卡尔小刺猬,3,fahygaoyf,指的是一只爱帮助人且可爱的小刺猬。,出自网站pixabay上一位用户于2014年10月1日在上面发布的一只小刺猬。2019年，一位名叫Lawvamat的用户，在网站reddit的r/me_irl区，把一只这只小刺猬抠图，并配上文字说：这是卡尔，它出现这一次之后就会永远消失，这是你唯一一次和它打招呼的机会。然后几千人评论：嗨卡尔。,生活,谁能拒绝可爱的刺猬卡尔呢？无图无真相：https://inews.gtimg.com/newsapp_bt/0/13717340524/1000,,🦔,,,8/23/2021
giegie,2,fahygaoyf,“哥哥”的山东话谐音，用来模仿绿茶婊的声音。,出自抖音一名叫“悦悦大叔”的网友视频，视频中女生坐在电动车上，一边喂男生棒棒糖一边说一系列绿茶的话，由于其中说“giegie”的时候女生表情和语气太过抽象而广为流传。,生活,原“giegie”视频：https://www.bilibili.com/video/BV1U54y157HE?from=search&seid=14652611465774329760,,我只会心疼的人,,,8/24/2021
凡尔赛,2,fahygaoyf,"形容一个人通过反向表述来暗示自己的优越和浮华的生活质量。三大凡尔赛文学特征：
1.先抑后扬，明贬暗褒。
2.设问句。
3.第三人称视角。",出自漫画《凡尔赛玫瑰》，其中描述了路易十六和他爱人在凡尔赛宫内的奢华生活。后被微博博主“小奶球”引申来形容表演高级人生的精神,生活,老公送了我一个黄色的爱马仕包包。我好苦恼啊，要怎么和他说我不喜欢这个颜色呢？,,“文学常识”,,,8/25/2021
不明觉列,2,fahygaoyf,全程为“虽然不明白你在说什么，但是听起来感觉很厉害的样子。”,出自1997年电影《食神》中的角色对白，史蒂芬周（周星驰）向其他人讲解讲解撒尿牛丸从开分店到上市，鹅头（李兆基）说：“虽然不明白他在说什么，但听了觉得很有意思。” 后来因为字面的直观性，被网友广泛使用。,生活,小词面对远渡重洋回来的小高，在对方说英文自我介绍后非常敬佩地表示：“这小伙的法语真的不明觉厉。”,,虽不明，但觉厉,,,7/27/2021
老铁,2,fahygaoyf,“哥们”的东北方言梗，类似于该称呼的还有“铁子”，“兄得”等， 形容亲近、牢靠、值得信任、像铁一样坚固的关系。,出自东北方言的用语习惯。,生活,老铁，双击个666呗,,铁哥们儿,,,8/21/2021
带孝子,3,fahygaoyf,指大孝子， “带”是“大”的谐音，一般表反讽意味，属于抽象梗，泛指坑爹坑妈的熊孩子。,出自直播圈主播孙笑川，他的昵称为“带带大师兄”，粉丝们经常无脑宣传孙笑川，频繁使用抽象文化而被讽刺为“带孝子”。,生活,孙笑川是带孝子吗？,,反向孝顺,,,8/20/2021
下头,3,fahygaoyf,意指扫兴，被泼冷水。,不明，但白居易 的《奉和裴令公见示之作》中提到过：“今岁暮春上巳，独立香山下头。”,生活,正准备去新裤子的演唱会，突然开始下暴雨被取消了，真下头！,,上头的反义,,,8/21/2021
没毛病,3,fahygaoyf,表示肯定对方或某件事物，“没问题”，没有抵触情绪。,出自辽宁卫视的春晚宋小宝的小品《吃面》里面的台词，服务员向老板解释宋小宝吃面不给钱的原因是因为“拿炒面换了汤面。炒面没吃，汤面是拿炒面换的”。老板听后，一脸认同的说了这三个字“没毛病”。,生活,老铁，没毛病！,,某门忒啊,,,8/24/2021
针不戳,3,fahygaoyf,真不错的谐音。,出自CS主播兼前职业选手茄子，茄子出去玩时，在山里喊了句：”针不戳，住在山里面针不戳“（茄子说话含糊不清）而火。,生活,沉舟侧畔千帆过，住在山里针不戳,,真不错,,,8/20/2021
雨女无瓜,3,fahygaoyf,“与你无关”的谐音，意思即为与你无关。出自电视剧《巴啦啦小魔仙》，剧中游乐王子说话带点口音，说话发音都被网友弄成了谐音梗了。例如，小朋友要有小朋友的亚子，要泥寡，雨女无瓜，等等。2019年12月2日，入选“2019年度十大网络用语”。,出自电视剧《巴啦啦小魔仙》，剧中游乐王子说话带点口音，说话发音都被网友弄成了谐音梗了。入选“2019年度十大网络用语”。,生活,"“小朋友要有小朋友的亚子”
“要泥寡，雨女无瓜！”",,你家住大海边儿啊,,,8/19/2021
虾仁猪心,3,fahygaoyf,意思为消灭某个人的肉体，不如揭露、谴责这种人的动机、思想、用心。,出自电影《让子弹飞》，汤师爷（葛优扮）在小六子剖腹那场戏里，说了一句“杀人诛心”。,生活,虾仁还要猪心，真可怕！,,杀人诛心,,,8/14/2021
叙利亚风格,3,fahygaoyf,指一种看似简陋、破败的装修风格，钢筋混凝土直接用作墙体，家具只有生活必需品，将房子装修成毛坯房的样子。‌‌‌‌‌‌‌‌‌‌‌‌‌‌‌,出自最初是抖音上有一位庄先生只用了4500装修了450平的复式江景房，几乎保留了毛坯房原貌。网友评论：“这不是工业风，也不是仓库风，取名为叙利亚风。”，接着“0甲醛，全天然的叙利亚风格”就出圈了。,生活,浦东叙利亚风格洋房三室一厅要不要看下？,,住过难民窟吗,,,8/20/2021
那我走？,3,fahygaoyf,表达一种我不想走但我很尴尬可能只能走，包含了非常卑微的一种语气。,出自最右社交app，一网友与网恋女友初次见面，发现对方长相和照片偏差过大，一时间无法接受；女方随即说：”我很丑吗？那我走？“,生活,小张一直嫌弃自己的小狗长相不如别的狗，终于有一天狗狗说话了：“我丑吗？那我走？”,,很尬只能走,,,8/25/2021
后浪,3,fahygaoyf,本意指晚辈，现一般指90后、00后。因B站2020年五四青年节前夕的短视频《后浪》而走红。该词被《咬文嚼字》编辑部评为“2020年度十大流行语”。,出自宋代诗人刘斧的《青琐高议》：“长江后浪推前浪，世上新人换旧人”，后因B站2020年五四青年节前夕的短视频《后浪》而走红。该词被《咬文嚼字》编辑部评为“2020年度十大流行语”。,生活,后浪们点个赞咯！,,90-00后后生可畏,,,8/24/2021
躺平,3,fahygaoyf,指的是无论别人做出什么事情，你内心都毫无波澜，对此不会有任何反应或者反抗，表示顺从心理。,出自网友对于目前当下竞争激烈，发展空间受限等社会背景总结的反向生活方式，主要强调用自己的方式消解外在环境对个体的规训，保持轻松与妥协的状态。,生活,我小词今天就是躺平的一天，今天的我是不会像往常一样努力工作了，要知道“生活就像被强奸，如果不能反抗，那就好好享受吧！”,,咸鱼躺，葛优瘫,,,8/24/2021
吃瓜,3,fahygaoyf,直译为“吃瓜群众”。形容一种不关己事、不发表意见仅围观的状态。,出自梗词“吃瓜群众”，是由戏院火车上推售等地“前排出售瓜子，前排吃瓜子，前排吃瓜”广告词演变而来的。后来在多数表情包中这个“瓜”由瓜子演变成了西瓜。,生活,wyf的瓜是真的又大又圆,,日常围观时事,,,8/25/2021
逆行者,3,fahygaoyf,形容在困难面前逆向而行的勇士。,出自2015年8月12日的天津仓库爆炸事件。当晚，中国天津滨海新区发生危险品仓库爆炸事故，所有人往外跑，而消防员第一时间冒着险情逆行进入火场，逆行者指的是勇于向前的消防员。他们也因而被称作“世界上最帅的逆行者们”。后于2020年用来指无数奋战抗击新型冠状病毒第一线的医务工作者们。,生活,小词代表广大网友表示：“疫情期间的每一位逆行者都是值得被歌颂的！”,,真正的强者,,,8/23/2021
海王,3,fahygaoyf,指暧昧关系众多，经常以广撒网捕鱼为中心指导思想撩妹的渣男。,出自DC漫画中拥有和海洋生物交流的能力并且统治大海的超级英雄。后被网友用来形容男孩子暧昧对象的数量太多，跟海洋里的所有生物差不多，但是又同时能玩得转所有妹子的渣男。,生活,本以为游进了哥哥的鱼塘，没想到哥哥是个海王,,伪装很好的公交车,,,8/24/2021
不，你不想,3,fahygaoyf,表示克制或阻止别人做一件事情。,出自一组流行于网络的表情包。有图有真相：https://baike.baidu.com/pic/%E4%B8%8D%EF%BC%8C%E4%BD%A0%E4%B8%8D%E6%83%B3/22820174/23722354/b999a9014c086e06a0e85f7e0f087bf40ad1cb47?fr=lemma&ct=cover,生活,"想喝奶茶 = 不，你不想
想吃火锅 = 不，你不想。",,想都别想,,,8/25/2021
人类高质量男性求偶,3,fahygaoyf,形容拥有“busty body”的成功人士。,出自ig的一名网友的自制中英两版求偶视频。‌‌‌‌‌‌‌‌‌‌视频开头便说“这是一个人类高质量男性求偶人类高质量女性的视频。”其中槽点非常之多：正装打扮、梳着油头、将白脸纸人妆的脸怼在摄像头前紧张地介绍自己。该视频因被多位梗博主转发而红遍全网络，,生活,人类高质量男性的求偶视频：https://www.bilibili.com/s/video/BV1po4y1C7Pa,,等一个Busty Body的人类高质量女生,,,7/27/2021
志豪哥,3,fahygaoyf,特指微信上名叫“志豪哥”的黄色漫画号，他会假装正常人复制别人评论，然后附带一张图片，而图片中的主人公就是志豪哥。,出自微博中专注发黄漫的机器号，微博黄色漫画号会假装正常人复制别人评论，然后附带一张图片，而图片中的主人公就是志豪哥。有图有真相：https://img.youxi369.com/article/contents/2021/07/13/small_2021071320457695.jpg,生活,志豪哥，滚出咋那！,,微博博主热不热门的评判标准,,,8/21/2021
吴签,3,fahygaoyf,吴亦凡的新爱称，用来特指跟他一样具有同样生理特征的人。,出自微博上一位名叫都美竹的自白，披露吴亦凡与其工作室的种种劣行以及对她制造的伤害。其中她描写道吴亦凡宛如牙签一样的丁丁，之后随着此事直冲微博热榜，“吴签”便传遍网络。,,你可以不知道吴亦凡睡过多少人，但绝对不可以不知道吴签的惯用伎俩——吴痛针灸。,,51凡的很细,,,8/20/2021
普信男,3,fahygaoyf,直译为普通且自信的男人。一般形容男生具有迷之自信，不会跟女生搭讪聊天且资质相貌一般。,出自《脱口秀大会》S3杨笠的脱口秀表演。原句为“男生为什么明明看起来这么普通，但是他却可以那么自信”。她猛攻男性盲目自信的表演，让在场男士都如坐针毡的同时，也在网上引发了一波争论。,生活,普信男其实也挺好，有人疼有人爱还可以有进步空间,,是你是我也是他,,,8/21/2021
妈宝男,3,fahygaoyf,指听妈妈的话，总是认为妈妈是对的，以妈妈为中心的男人；也指那些被妈妈宠坏了的孩子。,出自社会学家对中国一种普遍现象的定义，一种是因为较为优越的家庭条件，被父母呵护，所以不谙世事。第二种男人心里极度依赖母亲，思想和行为受母亲影响过大，对母亲产生过度的依赖。,生活,你还说自己不是妈宝男！连你的兴趣爱好都要经得你妈妈的许可,,相信谁都不如信妈妈,,,8/24/2021
亚逼,3,fahygaoyf,一般指小众爱好者们的自嘲用词以及“地下”、“亚文化”等自我标签取得优越感的人，具有贬义，请慎用！,出自B站，中国先锋音乐网络电台Cloak一周年纪念日在BiliBili的Live录音，一位用户名为“埃文熏”的用户因为对音乐的评论引来斥责，其以“亚逼”一词对电台主播进行反击，此词随即在解构俱乐部音乐爱好者里传播开来并成为这一音乐类型听众的自称。,生活,大学10里9个古着，8个都是亚逼,,亚逼土狗,,,8/20/2021
猩猩打狗,3,fahygaoyf,形容爱豆舞跳的很烂很奇怪像猩猩打狗。,出自抖音的一些毒鸡汤视频。视频中不同的女人以讲师的身份说着同样的话：“我用三句话让男人为我花了18万；我是一个很善于让男人为我花钱精通人性的女讲师...”但整个内容太值得吐槽，情节也十分奇葩，随后网友开始在网上调侃疯转该视频，从而该梗便逐渐走红于网络。,生活,蔡徐坤虽然篮球很菜但是至少没有猩猩大狗好嘛,,尝试跳舞跳成这样看看,,,8/19/2021
SSGK,3,fahygaoyf,“射射观看”的拼音首字母缩写，意为谢谢观看‌‌‌‌。,不明,生活,SSGK，请一键三连～,,谢谢观看,,,8/14/2021
蜜雪冰城,3,fahygaoyf,形容宛如蜜雪冰城主题曲一样的无比简单但又非常洗脑的事物。,出自2021年6月5日蜜雪冰城官方出的主题曲，因为歌词简单旋律熟悉且洗脑，被网友疯转。,生活,还有比蜜雪冰城主题曲更洗脑的曲子吗？,,你爱我 我爱你，蜜雪冰城甜蜜蜜～,,,8/20/2021
打脸,3,fahygaoyf,意为被当面证明错误，使其丢脸。指在各种事件中，当事人用来辟谣的话被辟谣了。,出自鲁迅《且介亭杂文·脸谱臆测》：“古代的假面和现在的打脸的关系，好像还没有人研究过。” ,生活,小词以为自己保录911的，结果没被录取：小词被打脸了。,,啪啪两耳光子,,,8/25/2021
小丑竟是我自己,3,fahygaoyf,形容生活不如意却还要努力保持微笑的人。,出自网友对2020年网络流行语”高人竟在我身边“的引申，前者表相用来称赞实则嘲讽别人，后者用来自嘲。,生活,巨小丑竟是我自己：https://pic4.zhimg.com/80/v2-f8028c09182eaabd3bac4c5e9f096f77_720w.jpg ,,卑微的舔狗,,,8/24/2021
打工人,3,fahygaoyf,上班族的自称。,出自20世纪改革开放初期的名词“打工”、“打工仔”。走红于网络红人抽象带篮子”用“加油，打工人”等句子来表明自己打工人、保安、大专生的身份，逐渐成为很多上班族的自称。,生活,加油打工人！,,打工魂，打工都是人上人,,,8/24/2021
XX子,3,fahygaoyf,"子是一种格式，可看做语气助词，类似淋语语气词“惹”，表强调语气，还有“好美子”、“惊把子”、“绝绝子”、“支持子”等。
",出自贴吧，乡村天后吧前吧主“马七匹”的一篇欧美饭圈的《彩虹巳斤情文学》，满篇的王子字眼，让人看了只能跟着“无语子”。,生活,甜茶绝绝子！,,惹～,,,8/25/2021
全郭巡演,3,fahygaoyf,“全国巡演”的谐音，“郭”指快手主播“迷人的郭老师”。特指她的火爆旅游事件。,出自直播圈，在主播“迷人的郭老师”去开封、南京等地旅游的时候，被很多人围观，基本上到一个地方都会是水泄不通的场景，被网友调侃称女明星巡演，戏称“全郭巡演”。案发现场：https://www.bilibili.com/video/BV1U5411g7bp?from=search&seid=5343739865948618086,生活,全郭巡演第二轮请来重庆！,,国际一线明星出游记,,,8/23/2021
S代表着什么,3,fahygaoyf,指当唱完以S开头的一些单词后，突然乱入的最后一个词。,出自动画《调教咖啡厅》的OP，原曲中每个主角都会说一个以S开头的单词，但最后一个S被网友恶搞成各种以“S”开头的拼音，情节奇葩与无厘头，颇有喜感，引发热议；现在该梗成了B站上众多鬼畜视频的摩拳擦掌曲。案发现场：https://www.bilibili.com/video/BV19v411W7k8,二次元,"Smile, Sweet, Sister, Sadistic, Surprise, Service, 山本，我日你仙人！案发现场：https://www.bilibili.com/video/BV19v411W7k8/?spm_id_from=333.788.recommend_more_video.1",,但凡是个S开头的词就可以往里面扔,,,8/24/2021
腐女,3,fahygaoyf,指那些对男同作品和男同性恋有强烈兴趣的女生。,"出自日本文化，原称为“腐女子（ふじょし，fujoshi）”。“腐”一词在日语里有”坏掉了“的意思，本义有贬义的意思。近年来在中国流行起来后，慢慢变成了中性词。
",二次元,腐女是不是一般都很少吃男朋友的醋呀,,男男❤️,,,8/25/2021
绝境懒羊羊,3,fahygaoyf,形容一些人平时很没用，但到了绝境时刻却能解救大家力挽狂澜。,出自动画片《喜羊羊与灰太狼》中的角色“懒羊羊”。因其慵懒的特点而闻名。在动画片里每当到了危急关头，“懒羊羊”常会急中生智拯救大家。,二次元,这场篮球都快输了，他还能把比分扳回来反超，真是绝境懒羊羊。,,平日里的矮子，关键时刻的巨人,,,7/27/2021
大丈夫,3,fahygaoyf,日语词（だいじょうぶ），意为“不要紧，没关系”。,出自日语词语的引申，“丈夫”在日语中是指成年男子。成年男子一般比较强壮、靠谱，所以“丈夫”就引申出了“结实”的意思，“大丈夫”就引申出了“不要紧，很稳”的意思。,二次元,大丈夫！继续加油吧！,,没关系！,,,8/21/2021
无口,3,fahygaoyf,喻指那些言语奇少、用词精炼，时常沉默不语的各类人物及其外在表现。,,二次元,综艺节目里最怕的就是嘉宾全是无口,,没有需要，便不会说话,,,8/20/2021
御宅族,3,fahygaoyf,泛指热衷于某种文化，并对其有深入研究的人，常指代热衷且博精于以二次元的人。,出自日本文化，Otaku (おたく/オタク)，对热衷且精于动漫及电脑游戏的人的描述；后传入中国后被ACGN圈内人广泛使用。,二次元,哪有御宅族没有看过民工三大漫的！,,死宅≠御宅,,,8/21/2021
现充,3,fahygaoyf,“现实生活很充实的人生赢家”的简称，用来形容一些人离开网络后生活依旧充实美好，特指有恋人有无的规定倾向。,出自日本网络论坛5ch发祥的网络俚语，“リア充／リアじゅう”指现实生活中无需ACG和网络就能过得很充实的人。后经过翻译传入中国，引申成为对有恋人的人的描写。,二次元,巨现充用法：http://ww1.rs.ifanjian.net/c/cf/7c/d6/76cff4898f7c46ca6cd6ac128b4ebfa9.jpg,,有车有房有妹子,,,8/24/2021
欧气,3,fahygaoyf,好运气,出自不明，但红于多款游戏中，如奇迹暖暖等。玩家一般会把运气好的人说做脸白的欧洲人，运气特别好的叫做欧皇，而欧洲人或欧皇身上带有的好运气，则因此也被称为“欧气”。,二次元,欧气是什么？非酋酋长的我从来没听过好吗,,脸白的好运气,,,8/20/2021
黑化,3,fahygaoyf,指人物在性格上或精神状态上的一种剧变，切换至阴暗人格。,出自日本二次元文化，对应日文为”黒くなる“是ACGN次文化引申出来的词，原意思指角色从善良到残忍，从单纯到深沉，最后沦落为反面人物的过程。后来随着日漫圈慢慢扩增，该词被更多泛二次元的人熟知。,二次元,黑化肥遇水会挥发,,变坏变暗,,,8/19/2021
阿姨洗铁路,3,fahygaoyf,是日语“爱してる”的空耳谐音，即“我爱你”的意思。,出自日语，在日语中我爱你的意思，后来随着空耳梗逐渐普及，网友将我爱你的日语空耳直接翻译成了“阿姨洗铁路”，充满喜感后经二次元的圈内人不断普及。,二次元,我是阿姨。我不想洗铁路，我已经厌倦了你有关心过阿姨的感受吗不，你没有你只在乎你自己。,,我爱你知道伐,,,8/14/2021
⑨,3,fahygaoyf,,,二次元,,,,,,8/20/2021
我只是个科学家,3,fahygaoyf,指的是奥特曼希卡利奥特，形容表象柔弱但实则实力爆掉的角色。,出自特摄《梦比优斯奥特曼》中的男二希卡利奥特，自从说完此句话之后，单手刷贝鸟，无伤过巴巴尔，成为继奥父之后第二个在安培拉星人身上留下伤疤的奥特曼。案发现场：https://www.bilibili.com/video/BV1VZ4y1T7Qb/,二次元,我只是个科学家，无法加入你们的宇宙警备队的,,我只是个科学家，所以没有他们那么弱的力量,,,8/25/2021
爱杀宝贝,3,fahygaoyf,一部改编动画的中文标题，讲的是同班同学安奈爱上杀手索妮娅的搞笑故事。,出自2012年同名动画片《爱杀宝贝》，改编自カヅホ创作的同名漫画作品，因为情节治愈，又非常有喜感，受众多二次元圈内人喜爱。,二次元,爱杀宝贝 EDyyds,,《啾咪宝贝》,,,8/24/2021
zjbj,3,fahygaoyf,“终极笔记”的拼音缩写。,不明,二次元,zjbj为什么要用缩写呢7458,,终极笔记,,,8/24/2021
Enigma,3,fahygaoyf,指日耽三性世界主题漫画中新出现的第四性别，原意为“迷”。,出自中井绅士的耽美漫画作品《陷落的阿尔法》，具体情节与出处请自行百度⚦。‌,二次元,Enigma的造句难死直男编辑了 | - |,,E,,,8/25/2021
rerorero,3,fahygaoyf,指的是日语中的拟声词，特指在《JOJO的奇妙冒险 星辰远征军》中花京院典明吃樱桃时，用舌头点樱桃所发出的声音。,出自日本动画作品《JOJO的奇妙冒险 星辰远征军》中的角色设定，因为该作品剧情和角色非常饱满深受二次元粉丝的喜爱，后大家经常用此梗在论坛聊天。,二次元,花花的rerorero难道不帅吗？？？,,吃樱桃的声音,,,8/23/2021
民工三大漫,3,fahygaoyf,指的是那种连忙着打工挣钱的农民工都懂的长篇漫画作品，比如《火影忍者》、《海贼王》等。,出自ACG次文化中对于特定类型的ACG作品（多指动画作品）的一种称呼，多在中文ACG圈使用。,二次元,90后沐浴在民工三大漫的洗礼中,,火影、海贼、死神,,,8/24/2021
保安呢,3,fahygaoyf,网上出现一点露骨的东西的时候，网友会讽刺的表示要“找保安”。,出自于最近发生的那场上海漫展JK事件，是对于网上cp26漫展中一段拍摄jk女生拍照姿势不雅视频的讽刺。 然后一个女生拿着手机边录像边喊：唉保安在哪里呀保安在哪里呀，哎你有病吗你在漫展搞这些动作？ ... 后来拍摄的女生解释说认为这个女生就是鸡，所谓空口鉴鸡。,二次元,保安呢！保安在哪里呀！TA是鸡！,,报警了🚔,,,8/25/2021
ACGN,3,fahygaoyf,指二次元产物，直译为Animation（动画）、Comics（漫画）、Games（游戏）与Novel（小说）的英文首字母缩写，是中国宅圈特有词汇，其他国家基本不会用这个词。,出自台湾的爱好者AIplus所提出，并应用于台湾中山大学BBS站的动漫板块的命名。随后，这个词汇传入香港和中国内地并开始普及。,二次元,ACGN就是我生活的全部,,二次元的缩写,,,7/27/2021
泡面番,3,fahygaoyf,指一集时间很短的动画，通常在三分钟到六分钟左右不等，相当于泡一杯方便面的时间，等你把泡面泡好了， 动画也完了，因而被许多动漫爱好者如此戏称。,出自二次元圈内人的总结。针对部分日本动画制作公司以几集短篇连载动画作为Lite版而归纳的，起初其是用来测试市场反应，为正式版推出做准备，所以会比较短小。,二次元,生活没有泡面番，吃饭都不香了,,煮泡面的时间都可以看完的动画片,,,8/21/2021
B站,3,fahygaoyf,哔哩哔哩（Nasdaq：BILI；英文名称：bilibili，简称B站）现为中国年轻世代高度聚集的文化社区和视频平台。,出自二次元圈内人给予BiliBIli的昵称，因为在B站之前还有一个二次元网站名为“Acfun“，观众亲切地成其为”A站“；随后Bilibili上线，大家便进行排序，起了”B站“这个名字梗。,二次元,B站陪我度过了完整的青春期，从懵懂无知到沉重冷静，感谢B站！,,干杯！,,,8/20/2021
中二病,3,fahygaoyf,指日语初中二年级的意思，经网络流传，现指那些自我意识过盛、狂妄，又觉得不被理解、自觉不幸的人。,出自伊集院光1999年1月11日在广播节目《伊集院光 深夜的马鹿力》中的评论，后经网友传入中国。,二次元,你说这是中二这就是中二，谁敢不服就灭了那无知的凡人！,“错的不是我，是这个世界”  ,,,,8/21/2021
qb,3,fahygaoyf,指耽美小说中的一些听起来很污但实则非常普通的画面。,不明,二次元,qb和qj傻傻分不清,,“强暴”,,,8/24/2021
哪个老干部经得起这样的考验,3,fahygaoyf,形容很美的人，即使是老干部也难逃诱惑。‌,不明,二次元,汉库克的身材，哪个老干部经得起这样的考验,,这也太漂亮了,,,8/20/2021
空耳,3,fahygaoyf,指把一种语言按发音用其他语言的文字代替，是一种对声音的再诠释，在文字领域进行恶搞娱乐的方式。,出自日语词语“そらみみ”，是“幻听”的意思。后来渐渐发展为根据所听到原歌曲或原台词的发音，造出与之发音相似的另一句话，或写出与原本歌词意思不同的新的“歌词”。,二次元,空耳梗的未来一片光明！,,空耳=“阿姨洗铁路”,,,8/19/2021
夜露死苦,3,fahygaoyf,指“请多关照”的意思。,出自日本不良暴走族作为标语生造出来的词，“よろしく” Yoroshiku，后传入国内用“夜露死苦”的空耳词代替。,二次元,夜露死苦！刚刚来论坛～,,请多关照！,,,8/14/2021
抖m,3,fahygaoyf,指有受虐倾向的一种人，与抖S（虐待倾向）正好相反。,出自十九世纪作家马索克（Leopold von Sacher-Masoch）的知名小说《穿裘皮的维纳斯》，其中有大量的受虐癖题材。随后作者的姓氏便被用来命名了“抖m”，其中m全称为Masochism。,二次元,打我屁股！掐我脖子！,,受虐倾向,,,8/20/2021
ORZ,3,fahygaoyf,指的是失意体前屈的动作，完整版为“ ○|￣|_ ”，它看起来像是一个人跪倒在地上，低着头，一副“天啊，为什么是这样！”的动作，虽然简单却很传神。,出自日本网络语言，该词在日语中的名称、念法也有很多种类，比如“くずおれる男”（颓丧男），“がっくり”（垂头丧气）等，其后流传至中国的香港、台湾和大陆地区。,二次元,考试求求老师给我及格吧ORZ,,跪了,,,8/25/2021
胖次,3,fahygaoyf,是日语中“パンツ”的音译梗词，意思是内裤。该说法通常用于ACGN爱好者当中，国内ACGN论坛或Acfun、Bilibili等弹幕网站经常看见。,出自日本在明治维新期间为追求洋化自己以便与时俱进而引进的外来词，与英文的pants发音很相似，同样也有不少国家也把内裤念成“胖次” 。,二次元,啊呀！小词你胖次呢？,,内裤ツ,,,8/24/2021
马猴烧酒,3,fahygaoyf,“魔法少女”的谐音梗，日语中的“魔法少女”的发音类似中文的“马猴烧酒”四字。,出自日语文字，“魔法少女”(まほうしょうじょ)，读作Mahoushoujyo。与“马猴(まほう)”为“魔法”，“烧酒(しょうじょ)”为“少女”极为相似。,二次元,《魔法少女小圆》：“来和我签订契约成为马猴烧酒吧！”,,魔法少女,,,8/24/2021
大触,3,fahygaoyf,称呼有非常高技术的ACGN（动漫游戏小说）领域高手，后泛指各领域非常厉害的人。 ,出自ACG动漫游戏领域，因为ACG绘制高手都会使用一些专业电子设备，比如手绘版和触摸笔，因此就称呼这类的绘制高手为“大触”,二次元,大触水平：https://pic2.zhimg.com/v2-c60560f21f4492eec15a3c57e0930d47_1440w.jpg?source=172ae18b,,二次元画家高手,,,8/25/2021
前方高能，非战斗人员请撤离,3,fahygaoyf,形容接下来会有冲击性的或者惊喜的画面。,出自日本经典动画《机动战士高达》系列。宇宙舰队在太空行军过程中，由侦测员时刻对前方的宇宙空间进行能量侦测，而前方如果有敌方的能量武器攻击，则在发动时会被舰队侦测到强烈的能量反应，侦测员便可提醒舰长及时进行规避。在各ACGN弹幕网的视频弹幕中经常会出现“前方高能”之类的弹幕，预示接下来视频一般会出现激烈的内容或画面。,二次元,前方高能，非战斗人员请撤离！,,高能预警,,,8/23/2021
大魔王,3,fahygaoyf,形容在某个领域占据支配性地位的人。,出自网友对漫画《天才麻将少女》主人公“宫永咲”的称呼。其在打麻将时拥有超乎常人的直觉和运气，经常将对手虐到哭，漫画迷们便开始用大魔王来称呼“宫永咲”。,二次元,羽毛球届的大魔王男林丹女张怡宁,,很厉害的人,,,8/24/2021
逮虾户,3,fahygaoyf,广泛应用于任何类似漂移的夸张移动方式的场景。,出自1999年播出的TV动画《头文字D Second Stage》，是第13话插曲《Deja Vu》的空耳。歌名原文为法语“déjà vu”，意思是“既视感”。该BGM是在主角藤原拓海准备超车时响起，激昂的音乐与紧张的剧情相配，听上去十分带感。bilibili发布2019年年度弹幕，逮虾户入选2019年十大弹幕热词。,二次元,逮虾户！案发现场：https://www.bilibili.com/video/av36595739,,🚗漂移,,,8/25/2021
战歌起,3,fahygaoyf,指标志性背景音乐响起的意思，主要用于中文宅圈的评论用语，常见于二次元弹幕视频网站。,出自日本动画《孤独的美食家》，由于主演井之头五郎在每次吃饭的时候都会播放背景音乐，后来在B站上被二次元圈内人带出圈开始进行弹幕刷屏。,二次元,混剪视频开了弹幕后啥都看不见，全是战歌起,,“占戈哥欠走己”,,,7/27/2021
FFF团,3,fahygaoyf,全名“异端审问会·FFF团”。,出自轻小说《笨蛋·测验·召唤兽》。FFF团是私立文月学园高中部二年级F班发起的一个异端审判组织。会长是F班须川亮，服装为手持巨型死神镰刀，全身黑袍（其实是披风加头罩），全员面罩上有F的字样。由于班级内部的女性太少，并且不受到异性欢迎，便集体组成了“FFF团”。近年来，很多漫展cosplay会上都有他们的身影。,二次元,我代表FFF团罚你火刑！,,烧死异性恋组织,,,8/21/2021
纸片人,3,fahygaoyf,指二次元动画或游戏中的角色，由于二次元的作品都是二维的，像是纸片，所以里面的角色被称为“纸片人”。,不明,二次元,渣男我已经看透了，现在只爱纸片人,,二次元里的角色,,,8/20/2021
德国骨科,3,fahygaoyf,指有血缘关系的两位在一起谈情说爱。,出自微博曝光的网络事件，2012年3月1日，有网友在在微博上发布了一条消息：“某个汉化组的某个翻译因为上了实妹，被家里人打断了腿。通俗点解释就是故事的男女主角是一对亲兄妹，因为相互苟合被父亲当场抓住，哥哥不幸被打断腿，当然不是第三条腿，被打伤了腿之后去德国养伤了。” 之后引发网友热议。,二次元,权力的游戏=德国骨科的剧场版,,比如哥哥和妹妹谈恋爱,,,8/21/2021
颜艺,3,fahygaoyf,指人物在某些情况下面部表情极度扭曲的样子。,出自日语“颜芸”读作Langja。ACGN次文化中的萌属性之一，经常作为表情包在QQ等聊天软件或论坛中出现。,二次元,巨颜艺，无图无真相：http://www.seomm.net/uploads/allimg/200924/1G24U941-0.jpg,,面部表情十分夸张,,,8/24/2021
UP主,3,fahygaoyf,指在视频网站、论坛、ftp站点上传视频音频文件的人。,"由日本传过来的词汇，在国内acfun、bilibili视频网、猫耳FM（M站）被经常使用。日本写作「アップロード者」。「アップロード」即 upload，上传。UP主引申含义在视频网站、论坛、ftp站点上传视频音频等文件的人。up即""upload""（上传）的缩写， UP = アップロード=upload，主=本人 up主的意思就是上传者。UP主社会评价需要纠正的是 up主≠作者，转载者也称为up主。阿婆主根据其发音也有人称其为“阿婆主”。词条图册更多图册解读词条背后的知识查看全部隔夜说动漫百度2020百大创作者,动漫作者,优质动漫领域创作者复旦学霸，被人民网转发，B站千万粉的“老番茄”是如何炼成的？从游戏录屏和配音，到如今所见的一线正规军，我认为这也是曾打造过《烂俗笑话》的老番茄可以选择发展的方向，而我也期待着未来能够在B站乃至荧幕看到老番茄的大片上映。2020-04-27392娱乐资本论优质娱乐领域创作者推出“创作激励计划”，B站要给180万UP主“撒币”两大利好几乎同步抛出，B站在多大程度上，能让180万UP主和1.5亿“观众姥爷们”，继续说：“此生不悔入B站”呢？2018-01-27292拾部TV深圳市拾部次元动漫有限公司,优质动漫领域创作者如何看待将UP主的言论当“真理”？别盲目舔食，也不要高高在上！作为这个星球上最大的同性交友基地，B站一直以来都拥有着别家所不能具备的社交粘性，一方面来源于官方平台对优质动漫资源的作为，而另一方面，应该可以说，更大比例的方面就在于这些自发于民间的创作者的兴起之作，以此让B站的内容丰腴充实，得以满足各方的来客。2018-03-26188三声三声官方百家号上线5分钟获超百万消费额，B站UP主掀起新一轮淘金潮这是毛蛋在B站美妆区上传视频的第二年，她与VNK合作推出的第一个联名款眼影盘在上线品牌旗舰店和自己的淘宝店铺后，于5分钟内实现了超过百万的销售额，其后和黛末联合推出的化妆刷也在一分钟售出10000套。2019-03-11170娱乐资本论优质娱乐领域创作者月活UP主57.4万，B站会靠他们引领未来10年吗？看到这三个数据，相信再也不会有人觉得UP主只是存在于B站的一种小众文化。这群UP主从默默无闻，到逐渐被认可，到有了自己的调性和粉丝，再到今天接受荣誉，成为B站最有POWER的KOL群体，一路成长，一路蜕变。2019-01-30167参考资料1.",二次元,最喜欢的B站UP主无非老番茄,,Youtuber,,,8/20/2021
生肉,3,fahygaoyf,多指未进行翻译的ACGN作品，反义词是熟肉。,出自英文单词“raw”，这个单词的意思是“原本的、没有经过加工的”；也就是所谓的“片源”，文件名都有标注“[RAW]”之类的。为了区分，没有经过翻译的就叫“生肉”，经过了翻译的就叫“熟肉”。,二次元,生肉海贼王看起来也热血沸腾,,未经翻译的作品,,,8/19/2021
magnet,3,fahygaoyf,,,二次元,,,,,,8/14/2021
这不比博人传燃？,3,fahygaoyf,指万物皆可踩踏《博人传》，对《博人传》的调侃。,"出自《火影忍者：博人传之次世代继承者》（简称《博人传》），作为《火影忍者》的正统续作，因为剧情划水，原有人物实力被大幅削减，主角博人并不讨喜等原因，遭到火影粉丝的疯狂踩踏，在豆瓣和B站评分一度跌落到4分。后在B站上被用来刷屏来形容某事物非常厉害的同时，调侃《博人传》的剧情辣鸡。

",二次元,我奶奶刷个牙，这不比博人传燃？,,博人传属实拉垮,,,8/20/2021
木大,3,fahygaoyf,指“无駄ではない（没用的）“的谐音梗。,出自日本动漫《JOJO的奇妙冒险》。其中主要反派角色迪奥·布兰度（DIO）在攻击连打时发出“木大”（没有了）的喊声。也是DIO口头禅“無駄”的谐音。后来随着《JOJO》越来越火，该梗也逐渐被更多二次元的圈内人知晓。,二次元,“木大木大木大。”--乔鲁诺·乔巴拿,,“没用了”,,,8/25/2021
官方代充,3,fahygaoyf,特指B站的官方代充事件,出自B站在做《》，然而现在的官方代充店的fgo相关商品已经下架了，官方也发了公告 Sina Visitor System 至于官方提供的回执截图D额，,二次元,B站官方代充危险大但是真香,,你给我钱，我给你会员,,,8/24/2021
颜表立,3,fahygaoyf,主图是颜色表明立场的缩写表示。,出自日版漫画《RWBY》的视频弹幕，该动画中的主角四人各自拥有不同的发色，因而她们的粉丝纷纷用各自喜爱角色对应的颜色打出颜表立的弹幕来表示对角色的应援。从此经常能在其他动画视频里看到颜表立的应援弹幕。之后逐渐被更多二次元圈内人熟知。,二次元,圆神降临！颜表立！,,看颜色站队,,,8/24/2021
小破站，干杯！,3,fahygaoyf,特指的是B站，“小破站”是大家对它的称号；然后“干杯”是它自己的口👌,,二次元,小破站，带我撑起了三年海外生活的生涯，如今又是一年一度的生日，干杯！,,B站yyds,,,8/25/2021
要素溢出,3,fahygaoyf,指视频或其他内容里涵盖的被大家热烈讨论的东西或者梗太多了。,,二次元,巨要素溢出视频：https://www.bilibili.com/video/BV19v411W7k8/?spm_id_from=333.788.recommend_more_video.1,,视频内热点素材过多,,,8/23/2021
奇怪的知识增加了,3,fahygaoyf,指一个人获得了一些奇怪，并且可能没有任何用处的知识。,出自日本《迫真空手部》的人物MUR，因为原作人物表情实在是太过智障，所以在11区阿宅眼中，他也是一个经典素材。不过相对于真人而言，显然还是达不到太好的效果，后续有人用一只表情很相似的猫咪，然后PS完成了这个魔性的表情包。后传入中国在二次元圈内疯传。,二次元,奇怪的知识增加了现在已经是B站各位鬼畜UP主的下手菜了,,（白猫呆滞meme）,,,8/24/2021
京阿尼,3,fahygaoyf,京都动画（京アニ，读kyoani）的谐音。,出自二次元圈内人对京都动画的爱称，其是一家以动画的企划、制作而著名的企业。,二次元,京阿尼的萌少女是真的太好看了,,京都动画,,,8/25/2021
治愈（致郁）番,3,fahygaoyf,形容会导致读者、观众、玩家心情抑郁，情绪低落的作品。由于和治愈同音，所以时常会有人故意将致郁写成治愈来钓鱼。,出自日本动画片《魔法少女小圆》 ，当时在出之前，作者说这不是一部治愈番，然后播出后，真的不是治愈番，而且刚好相反，被网友调侃“致郁”的作品。,二次元,极致的致郁番即是治愈,,以为治愈实则致郁,,,7/27/2021
国家队,3,fahygaoyf,指能力特别强，能代表一个国家最强实力的作品或制作团队。,不明,二次元,《DARLING in the FRANXX》不算国家队的话，真的直播吃翔,,大师制作,,,8/21/2021
我一般穿着燕尾服看这种视频,3,fahygaoyf,因为燕尾服通常只在正式场合穿，通过此词来表达对视频的重视和喜爱。,不明,直播,我一般穿着燕尾服看影视飓风的视频的。,,端庄地欣赏着作品,,,8/20/2021
窝嫩叠,3,fahygaoyf,山东话骂人的方言，意思是“我是你爹”。有骂人性，请慎用！,出自主播田斌导师与铁山靠连麦直播时，以“吾乃导师田斌“的开场白介绍完自己后，询问铁山 ”阁下是谁？“ 铁山直接用山东话喊出：“窝嫩叠”。之后所有主播在与田斌连麦时，都会以一句亲切的“窝嫩叠”回复田斌，田斌因此吸引了大批粉丝。可谓十年导师无人问，一朝当儿天下知。,直播,A：您是哪位？ B：窝嫩叠,,我是你爹,,,8/21/2021
三寄一加,3,fahygaoyf,意为大家都只能代表自己的观点，不要不懂装懂乱带节奏，百度贴吧asoul吧发起的原则。,出自百度贴吧asoul吧asoul的粉丝： “你寄吧谁啊‌‌​​‌‌‌‌​​‌​​‌​‌​‌‌​，我寄吧谁啊。他寄吧谁啊，带节奏4000＋。”后被网友疯转而被人熟知。,直播,三寄一加，我只代表我自己的观点。,,不要乱带节奏,,,8/24/2021
反向带货,3,fahygaoyf,观众看完主播对产品的卖力介绍后反而不想买了。,出自网友对某些博主带货失败后创作出的一批恶搞视频。比较火的有黑蒜姐，和李子哥水果。,直播,反向带货案例：很多人问我黑布林大李子甜不甜，（张嘴一咬，被酸的面目狰狞，然后吐掉了李子），说：甜！,,看完不想买了：）,,,8/20/2021
朱振亿,3,fahygaoyf,指无理取闹问奇怪问题的人。,出自直播圈祖安卖鱼人王雷的直播间的一个粉丝，喜欢在王雷的直播间发一些无厘头恶搞的问题。王雷每次看见朱振亿就一顿大骂，被网友戏称为王雷的“一生之敌”。,直播,巨朱振亿合集：https://www.bilibili.com/s/video/BV1FZ4y1H7Ld,,不要再跟林北讲无聊了啊,,,8/19/2021
阿巴阿巴阿巴,3,fahygaoyf,用作“不会说话”，”呆呆“的表情表达方式。,出自斗鱼主播李赣的嗨粉（黑粉），因为李赣的女儿比较小，不会说话，只会发出阿巴阿巴阿巴的声音，所以很多嗨粉借用他女儿的事情来嘲讽他基因比较差，女儿的智商低。后来被嗨粉带出圈。,直播,如果知道阿巴阿巴阿巴的出处是这样，你还会用吗,,装傻,,,8/14/2021
lsp,3,fahygaoyf,“老色批”的拼音首字母缩写。被直播间观众调侃常在女生舞蹈区和颜值区视频评论发弹幕的人。非人身攻击。,出自电竞直播圈，主播孙笑川的抽象文化。孙笑川的嗨粉经常用这个来在他直播间形容他，后来逐渐被更多网友所熟知。,直播,当代单身直男哪一位不是lsp？,,颜值控,,,8/20/2021
过世主播,3,fahygaoyf,形容主播一个月都看不到几次，被粉丝调侃已经“过世”了。,出自主播”山泥若“的直播间粉丝调侃”山泥若“直播时间短，一个月都看不到几次。,直播,过世主播在终于上线了！,,主播很久不直播,,,8/25/2021
双手打字,3,fahygaoyf,双手打字以示清白，该词作为网络流行语走红起来因为一些被网友赋予的内涵邪恶的污力滔滔的含义在其中。该词是表示两只手都在键盘上，并没有一边浏览一边用某只手进行一些不可描述的活动，多用于观看福利镜头时的常用语。,出自2012年各类在线弹幕网站的福利视频中，后来慢慢的演变为一种常见的弹幕文化。,直播,真是的，谁不双手打字看女团跳舞视频？,,双手打字以示清白,,,8/24/2021
XX不XX，就是交个朋友,3,fahygaoyf,调侃某件事情并不会赚钱只为了交朋友。,出自罗永浩在锤子科技手机发布会上说：手机不赚钱，就是交个朋友”。后来，锤子就真的没赚到钱，罗老师也被锤子扫地出门。这句“交个朋友”也被网友们拿出来复读。,直播,手机不赚钱，就是交个朋友,,罗永浩的‘名言’之一。,,,8/24/2021
王雷卖鱼,3,fahygaoyf,指新加坡歌手王雷转行直播卖鱼，因回答网友“调戏”提问走红。,"出自新加坡歌手王雷，在疫情开始卖鱼，生意不温不火。直到有一天因一弹幕：""你的鱼可以买来放生吗？”，引发王雷直播间的“睿智提问”热潮。网友开始”认真“的提出像“你的鱼是公的母的？“ ”你的虾有没有隔离14天？“的问题。 王雷也是用他独特的闽南话，暴躁地回怼恶搞的观众，拉满直播间节目效果。",直播,王雷卖鱼和朱振亿发问缺一不可,,表则卖鱼，实则消灭朱振亿,,,8/25/2021
潘嘎之交,3,fahygaoyf,指假意劝他人远离这个行业保持本心，实际为自己未来入行清除竞争对手。,出自潘长江曾在一次直播中对谢孟伟直播带货酒类产品的劝说。在直播中，潘长江对谢孟伟说：“网上的东西都是虚拟的，我怕你把握不住啊孩子，因为这里水很深.....”谢孟伟有感说自己不会再从事酒类销售了。但滑稽的是，网友们发现潘长江也开始了酒类产品的直播带货，网友调侃这个事情为“潘嘎之交”。,直播,潘嘎之交案发现场：https://www.bilibili.com/video/BV1py4y1s7q1?share_source=copy_web,,尔虞我诈,,,8/23/2021
集美,3,fahygaoyf,直译为姐妹（们）,出自网络主播“迷人的郭老师“。她直播时说话的口音让姐妹听上去像是集美。,直播,集美们，这么面膜太好用了，必须买！,,姐妹们,,,8/24/2021
精神小伙,3,fahygaoyf,特指看起来很社会的土味小伙子。,不明,直播,哪个精神小伙不会社会摇？,,够土够年轻,,,8/25/2021
您配吗？,3,fahygaoyf,指药水哥与网友互怼7个小时的唯一一句话。,出自直播圈，药水哥直播连麦与一个水友互怼7个小时，全程只说一句“您配吗”。药水哥一战成名，“您配吗”也是火遍全网。,直播,您配吗？您配吗？,,药水必杀技,,,7/27/2021
代表着开心，代表着快乐,3,fahygaoyf,指对快手主播徒步阿龙（丽丽）口号“aqa芭蕾eqe亏内”的解读，无脑梗。,出自快手主播徒步阿龙（丽丽）自创的口号“aqa芭蕾eqe亏内”，他对这句话的解释是“代表着开心，代表着快乐”。这句话被网友配上洗脑音乐后走红网络。,直播,兄弟们，aqa芭蕾eqe亏内，代表着开心代表着快乐！,https://www.youtube.com/watch?v=BHbvgcelZzY,aqa芭蕾eqe亏内,,,8/21/2021
岚语,3,fahygaoyf,指用读英语的方式读出中文。,"出自抖音用户“五十岚上夏”，是有他本人创造的语言，比如“啧，你干什么”=“Bze nim gansmer”,""有什么了不起""=“Usmer Lobbach”，这一股奇流立刻席卷抖音，引得全网熟知。案发现场：https://www.douyin.com/video/6779873616193522947?previous_page=others_homepage",直播,岚语使用方法：Usmer Lobbach（有什么了不起）,,美式中文,,,8/20/2021
九亿男主播的噩梦,3,fahygaoyf,指某主播男办女装和别人连麦，然后用粗壮的声线吓跑对面的男主播，可谓是九亿男主播的噩梦。,出自抖音主播@赤酱，他经常通过女装和滤镜，以及加上捏出来的嗓子，让直播连麦时对面的男人神魂颠倒。‌‌‌‌​​​‌​​​‌​​‌‌‌‌然后用他浑厚的大汉嗓音把对面直接吓萎吓到下播。,直播,九亿男主播的噩梦无非女装、萝莉脸、汉子音。,,男扮女主播,,,8/21/2021
华农一笑，生死难料,3,fahygaoyf,指的是华农兄弟露出了笑容，小动物的生死就说不定了。‌‌,出自B站UP主华农兄弟，因为身处农村以养殖各种动物为生，他们会找各种各样的理由吃竹鼠等小动物而走红网络；网友随后便开始调侃每次意图宰杀动物之前，华农兄弟会露出的微笑为此梗。,直播,华农一笑，生死难料；华农一语，漂亮警告,,小动物的新天敌,,,8/24/2021
打脸且翻车,3,fahygaoyf,形成反向带货，东西质量直接被戳穿。,出自抖音一个带货的博主，他在带货芒果，当场切开芒果想证明自己卖的芒果品质非常好，结果切开的时候芒果里面已经黑了，直接“翻车”，主播还强行挽尊说是：这种的，我们都是做肥料……打脸且翻车这个梗就出来了。,直播,张嘎子再怎么卖贴牌酒都没有潘老的打脸且翻车那样滑稽。,,“这个芒果虽然坏了，但可以做肥料哈哈”,,,8/20/2021
呜呜姐,3,fahygaoyf,王思聪绯闻女友孙一宁的商业cp。,出自微博王思聪与孙一宁的网络撕逼事件，其中孙一宁在文章中提到了“呜呜姐”是她的恋人而从来不是思聪，后因为内容过于狗血经网友疯转爆料。,直播,突然听到宁姐实际上和呜呜姐是商业恋人关系，呜呜呜,,孙一宁的,,,8/19/2021
沈阳大街,3,fahygaoyf,因为主播虎哥和刀哥的土味视频，沈阳大街成为了“二次元圣地”一般的存在。,出自快手虎哥的一句“zhai沈阳大街，别让我看到你，看到你头套必须给你拽掉，必须打你脸“。还有刀哥的一句“到沈阳了，指定没你好果汁吃”,直播,“二次元不能没有沈阳大街，就像西方不能失去耶路撒冷”,,二次元圣地,,,8/14/2021
乌鸡哥,3,fahygaoyf,一个喜欢给女主播“宝宝酱“刷礼物的男粉丝。,出自直播圈，一老哥刷礼物刷的多，女主播嗲声嗲气的叫了他一声：”乌鸡哥～～～“， 然后老哥的朋友也模仿女主播来了句：”乌鸡哥～～～“。网友随后也开始模仿。,直播,如果乌鸡哥也可以来词堂送礼物就好～,https://www.youtube.com/watch?v=vft9zIU27iQ,乌鸡哥不要再送礼物了呢,,,8/20/2021
药水哥,3,fahygaoyf,一位网络主播、说唱歌手，一个自带梗雷达的男人。,出自直播圈，药水哥（刘波）在经历了辍学和多次失业后，开始在熊猫直播开设直播间，内容主要为游戏英雄联盟。刘波当时最喜欢的游戏英雄是“卡牌”，为了增加对抗时间，他在游戏的每一场对抗前都会给“卡牌”准备至少5瓶红药水，因此得名“药水哥”，后因为个人特点太出众被更多网友关注，逐渐走红。,直播,如果药水哥能赚一百万，你也可以,,擅长假哭装疯卖傻的药酱,,,8/25/2021
你好坏哦，我好喜欢,3,fahygaoyf,"指的是男生说话或者行为动作比较污，而人比较调皮，跟女生说话像是在说“暗示性""的话，让听了面红耳赤。","出自抖音短视频。很多网友在听到之后都表示非常魔性、很有诱惑力，使得这句话抖音上突然火爆了起来。意思是男生说话或者行为动作比较污，而人比较调皮，跟女生说话像是在说“暗示性""的话，让听了面红耳赤。",直播,“难怪你的前男友跟你分手了，原来是他驾驭不了白羊座。” “你好坏哦，我好喜欢～”,,这样做容易让女生害羞的知道吗,,,8/24/2021
字节爬动,3,fahygaoyf,对抖音运营公司“字节跳动”对外十分软骨头的一种嘲讽。,出自2019年8月1日特朗普宣称要在美国禁止TikTok的运营，总裁张一鸣在8月5日宣布将美国TikTok在美的运营权交给微软巨硬公司。张一鸣以法国速度一鸣惊人的速度就卖出了运营权爬出了美国，这种十分令人愤慨的行为让网友直呼字节跳动为“字节跪动”和“字节爬动”。,直播,再敢这样卖一次产品给美帝就真的字节瓜巴云力了。,,字节跪动,,,8/24/2021
你知道这五年我是怎么过的吗,3,fahygaoyf,一般指搞笑的视频的开头，以作为转折。,出自电影《扫毒》，张子伟（张家辉饰演）的一句台词。 原本这句台词后面是一位兄弟的抱怨和哀嚎，但是在抖音上却在后面加上了很多神转折的搞笑视频，引得网友疯狂模仿制作。,直播,你知道这五年我是怎么过的吗，案发现场：https://www.bilibili.com/video/BV12J411g7wq/,,五年间其实很开心,,,8/25/2021
魔动闪霸,3,fahygaoyf,指说唱选秀节目《说唱听我的》里面的一个组合名字。,出自一个重庆的说唱组合，因为其歌曲风格非常特别非常洗脑，后来在抖音上被广泛用来做bgm而更加走火。,直播,魔动闪霸真的太洗脑了，请参考：https://b23.tv/P2UsQb,,New Rap New Star!,,,8/23/2021
XX一哥,3,fahygaoyf,一般指某个领域的老大、头目、话事人等意思。,出自香港TVB电视剧，剧中多指香港警务处处长的意思；后来被网友拿来形容各个领域的老大。,直播,说唱一哥Rich Brain yyds,,一把手,,,8/24/2021
曹县,3,fahygaoyf,原意是山东的一地名，用来形容中国“最牛逼”的地方。,出自抖音一位名叫“大硕的”的用户，他是山东菏泽曹县人，经常用正宗的曹县话在视频里大喊：“山东菏泽曹县 牛逼666 我的宝贝”，后因为造型和语句太奇葩，让很多人看完后都过目不忘，随后很多人开始模仿和调侃曹县。,直播,宁要曹县一张床，不要浦东一套房！,,中国最牛逼的地方,,,8/25/2021
百因必有果,3,fahygaoyf,指的是事情的结果是由不同的原因导致的，人如果做了不好的事肯定会有报应的。,出自抖音主播韩美娟在直播中阴阳怪气的说这句话，非常的洗脑,直播,要知道百因必有果，要做善事才能有善报～,,“百因必有果，你的报应就是我”,,,7/27/2021
你看我扎不扎你就完了,3,fahygaoyf,表达气愤的一种开玩笑表达方式。,出自抖音用户“韩美娟”，他以女装示人，模仿容嬷嬷，视频里言语犀利，声音魔性，引得网友疯转。韩主要用该梗来传达给大家不要做网络喷子，不要乱对别人评头论足的意思。,直播,“不要在网络上逼逼癞癞的，你要是觉得你行，咱俩就碰一碰你看我扎不扎你就完了，记得双击么么哒。” -韩美娟,,扎的就是你～,,,8/21/2021
双击666,3,fahygaoyf,指给你点赞。,出自快手，在快手里视频里双击就可以对视频内容进行点赞。而“666”最早出自游戏英雄联盟，6与“溜”谐音，形容玩游戏很厉害。,直播,老铁们，双击666！立刻表演绝活！,,点个赞,,,8/20/2021
小鸟伏特加,3,fahygaoyf,夸饮料非常棒、非常厉害的意思。,出自抖音用户“新二的快乐生活”。他在网络上发的视频一般是模仿俄罗斯人喝酒吃饭，经常会拿出一个装着烈酒伏特加的透明白色大水瓶，上面贴着一张画着小鸟的纸，并称其为“小鸟伏特加”。后因其动作浮夸语言形象而被网友疯传。,直播,今天整点我独家秘制的小鸟伏特加，就整这么高！,,假战斗民族的喝酒方法,,,8/21/2021
奥利给,3,fahygaoyf,作为感叹词，包含了赞美、加油打气等多种感情色彩。“2020年度十大网络用语”。,出自快手上名叫“双叶湖雷哥”的用户，在他的视频中都会有“奥利给v给啊”，这么一句口头禅，经过他本人的解释就是给力。 而因为其形象和这句话的搞笑语气，“奥利给”便被粉丝们广泛用在视频中。,直播,老铁，没毛病！奥利给！,,干就完了！,,,8/24/2021
办他,3,fahygaoyf,指“收拾他”、“对付他”。和“干他”语义相似，是我国北方一带常见的方言。,出自电影《让子弹飞》中姜文与周润发对戏的经典片段，被许多抖音视频作者模仿，目前是抖音上的热门内容。电影中的原片段台词为“不就是个小小的张麻子吗？办他！硬吗？够硬！硬不硬以后再说。”因为电影原音很有气势，其中的“办他”尤其中气十足，常被抖音作者用来配上各种表演画面制作视频。,直播,但凡遇到个不尊老爱幼的，办他！,,教训他,,,8/20/2021
快乐老家,3,fahygaoyf,指快手上名为“快乐老家”的女团。团员分别是桂花，铁牛和美人。 或者指一个选秀节目上一个参赛选手的比赛歌曲,,直播,快乐老家～跟我走吧！,,多义：组合名称或笑点源泉,,,8/19/2021
开心的像个两百斤的孩子,3,fahygaoyf,形容笑的很开心，很快乐。,出自英雄联盟著名主播PDD。虽然他身材胖，但是语言和表情十分逗趣可爱，所以他笑就是笑得像个300斤的孩子；后由其粉丝传入其他的领域。,直播,每到饭点的我开心的像个两百斤的孩子,,笑得像个胖娃一样,,,8/14/2021
友友们,3,fahygaoyf,指朋友们。,出自快手上中老年人群体在直播时的说法。网友对这种卖萌不能反成梗的土味称呼进行支持与模仿；随后蔓延至其他各大社交网络。,直播,50岁的小词每天清晨6点准时起床，他不是为了迎接太阳而是要做第一位在老友麻将群里打“友友们，早上好”的人。,,50岁的梗20岁的口头禅,,,8/20/2021
家人们,3,fahygaoyf,对粉丝的一种亲昵称呼，常出现在直播平台。,出自B站UP主“植物椿”。他是一个配音师，经常给一些经典动画改编成有趣的，和原著完全不一样的故事，而他在配音中就有口头禅“家人们”；后来在直播平台泛滥被主播广泛使用。,直播,“ok了家人们，就是说咱们怎么说呢，就是口头语而已。”,,铁子们,,,8/25/2021
lbwnb,3,fahygaoyf,“卢本伟牛逼”的拼音首字母缩写。,出自五五开的直播间，他粉丝们的口头禅。后来由于其因为被B站某UP主指控开挂， 实则没有开挂但教唆粉丝去骂人，被央视全网封杀。所以后来有五五开的视频的时候，大家都用缩写来代替。,直播,lbwnb！电脑屏幕都要啃！,,五五开牛逼！,,,8/24/2021
给阿姨倒一杯卡布奇诺,3,fahygaoyf,指对方使用迷惑战术制造效果，为了成功的目的。,出自五五开（卢本伟）的直播，因为在游戏“欢乐斗地主”中可以向其他玩家赠送咖啡礼物，五五开在最后快要赢的时候非常得意，给邻座的阿姨送了一杯礼物，但没想到阿姨直接17张牌把他给秒了。这个非常搞笑的情况令网友开始以此梗进行调侃，并疯转于网络。,直播,给阿姨倒一杯卡布奇诺,,电脑屏幕吃不掉但咖啡可以倒,,,8/24/2021
看上去虽然是在跳舞，其实在净化空气,3,fahygaoyf,指调侃视频中跳舞的姿态奇葩或不美观。,出自抖音，这句话原为日文歌《一见踊ってるだけに见える人》的歌词：“看上去虽然是在跳舞，其实在净化空气；看上去虽然是在跳舞，其实在斩妖除魔。”后因为此词意和魔性的曲调，引得很多人用来制作跳舞视频，走红于网络。,直播,看上去虽然是在跳舞，其实在净化空气。案发现场：https://www.bilibili.com/video/BV1Ct411g7St?from=search&seid=2538699092954325085,,表面跳舞实则除魔,,,8/25/2021
如果我有罪，法律会制裁我,3,fahygaoyf,用来表示自己受到了感情冲击或折磨。,出自抖音评论区，经常出现在秀恩爱或者美食主播的视频下面。​​‌‌‌‌​​​​,直播,如果我有罪，法律会制裁我，而不是让我半夜看别人吃方便面。,,为什么要让我经历这些,,,8/23/2021
giao语,3,fahygaoyf,指快手红人giao哥的奇妙土味语言,出自快手平台一个名叫“黑猫警长Giao哥”的用户。在他的作品里经常以Giao结尾，以及语言及动作太过于魔性而走红于网络。,直播,Giao语代表：一给我哩giaogiaooo,,“怎么硕呢”,,,8/24/2021
冬泳怪鸽,3,fahygaoyf,一个快手用户的昵称，冬泳怪鸽”又称“巨魔战将”，因长相神似游戏《dota 2》中的巨魔（一位敏捷性英雄）而得此名。,出自快手直播平台。他是一位来自辽宁省朝阳市，喜欢冬泳的中年人。因为他在视频中奇葩的动作和行为（41的脚穿45的鞋，而且不穿袜子）引得网友关注。“,直播,巨冬泳怪鸽：https://www.bilibili.com/video/BV1r4411G7R7?from=search&seid=13050341032269446403,,没毛病！干就完了！奥利给！,,,8/25/2021
脚艺人,3,fahygaoyf,指的就是用踢腿来耍帅的土味动作。,出自快手短视频。在农村路上，穿着西装，带着复古小墨镜，整个人显得很是帅气，同时搭配着很魔性的背景，一次次的夸张动作，还原了杀马特和精神小伙的形象，让大家感受到莫名的快乐。,直播,脚艺人大师,,爱踢腿的精神小伙,,,7/27/2021
三句话让男人为我花了18万,3,fahygaoyf,指代眼高手低 、占小便宜、思维奇葩的女讲师。,"出自网络上的一些毒鸡汤视频，视频中不同的女人以讲师的身份说着同样的话：
我用三句话让男人为我花了18万；
我是一个很善于让男人为我花钱精通人性的女讲师；
这一餐饭我们花了15万...
但是只是在吹嘘男人为自己花了多少多少钱，愣是不说究竟是哪三句话，这让网友们很是疑惑。",直播,我宁可一辈子不嫁，也不愿三句话让男人为我花15万,,人性还是她们懂,,,8/21/2021
夹子音,3,fahygaoyf,指那些夹着声音说话装可爱但可能会造成听觉污染的人，女生叫“女夹子”，男生叫“男夹子”。,出自网恋交友的平台，一些女生会给对方发嗲的语音，网友称这种人为“夹子”。后续随着陪玩行业的兴起，男代练和女代练都开始学这种说话方式来交流，“夹子”也就没有了性别标签，在游戏陪玩圈中开始流行。,直播,男夹子音好的治愈，差的直接送走。案发现场,,噎着的时候的说话方式,,,8/20/2021
考试周破防,3,fahygaoyf,指面对考试心理层面受到冲击感到受伤。,出自B站UP主“向前的赵”发布的标题为《考试周破防》的视频，内容是讲述自己4天后要迎来6门考试和报告，很多学生都觉得非常有共鸣，引得大家疯转。,直播,这周3天考完9科，真的考试周破防了,,大学末考周=猛喝洗脚水,,,8/21/2021
incel,3,eric99,是involuntary celibate（非自愿独身者）的简称。指现时社会基于经济条件或其他非自愿的原因而无法找到伴侣的人。incel群体普遍极端男权主义，仇视女性，请警惕身边的极端incel群体！,"出自1993年加拿大女大学生Alanna创建的名为 ""Alana's Involuntary Celibacy Project""的网站。",学习,incel一词本不差，就是时常跟被提及到了一些仇视女性的事件之后。,,愤慨三观不正的单身狗,,,8/24/2021
kksk,3,fahygaoyf,是日语ここ好き（喜欢这里）的罗马音“ko ko SU KI”的首字母的缩写，是一种弹幕语言，表达对某一片段的赞赏和喜欢。‌‌‌‌,出自最早一些音MAD（一种使用素材中的乐器对所选BGM进行演奏的视频形式）视频的弹幕里面。后来逐渐传开了，在B站弹幕中尤其常见。,学习,B站老番茄的说唱曲目上满屏的kksk,,爱了爱了,,,8/20/2021
浦西,3,fahygaoyf,"指""pussy""音译而来的中文空耳，一般指为女性的私密处。具有侮辱性，请慎用！",出自2020年美国说唱歌手卡迪·B(Cardi B)2020年推出的单曲《wap》歌词中，含有过多的浦西，让她得到了浦西女王这一称号。,学习,hey，你好呀，我浦西～你住哪儿,,“上海地域”,,,8/19/2021
滴度侠,3,fahygaoyf,指“蜘蛛侠”的潮汕话读音梗。,出自2020年搞笑视频《潮汕英豪传》中“蜘蛛侠”登场片段,学习,大家好，我是你们的好邻居，滴度侠,,潮汕蜘蛛侠,,,8/14/2021
耙耳朵,3,fahygaoyf,指丈夫被妻子在经济家庭地位等控制，对妻子很畏惧，在妻子面前言听计从的男人。“𤆵”这个字一般字典或输入法没有收录，在一些场合经常见有“耙耳朵”或““趴耳朵””的用法。为四川、重庆等西南地区独有的方言。,出自四川民俗文化，在当地男人为了让自己的老婆坐得更加舒适，就在自行车上加了一个与耳朵相似的“偏斗”，“耙耳朵”因此得名。“𤆵”这个字一般字典或输入法没有收录，在一些场合经常见有“耙耳朵”或“趴耳朵”的用法。为四川、重庆等西南地区独有的方言。,学习,耙耳朵其实有些时候也是绅士的体现,,怕老婆,,,8/20/2021
别介,3,fahygaoyf,指是不必，不可，用于劝阻。该词为北京方言。,出自天津北京的地方文化。,学习,某甲给某乙送礼，某乙说：“别介，这不拿我当外人啦？ 快拿回去...”,,北京人互相谦让,,,8/25/2021
mmp,3,fahygaoyf,“妈卖批”的拼音缩写，是一句四川骂人方言梗。有侮辱性，请慎用！,出自四川成都重庆的地方文化。,学习,刚到公交站结果公交车就走了，mmp。,,缩写三字经,,,8/24/2021
来信切,3,fahygaoyf,“过来信不信我切死你”的简写。,出自百度贴吧。,学习,敢这么嚣张，来信切！,,来，信不信我切你？,,,8/24/2021
打脑壳,3,fahygaoyf,在四川话中既指令人头晕，也指令人伤脑筋。,出自四川方言。,学习,这个酒的度数太高，喝起打脑壳（令人头晕）。,,脑袋疼,,,8/25/2021
荷兰,3,fahygaoyf,“河南”的谐音。        ,出自南方人对“河南”二字的发音，不信让你身边的湖南妹子试试看～,学习,荷兰的首府是郑州，没问题吧,,“河南”,,,8/23/2021
relationshit,3,fahygaoyf,由relation(关系)和shit(狗屎)两个英文单词组成，形容让人感到痛苦和消磨，像“屎”一样糟糕的人际关系。,出自2021年《双人成行》雪景球关卡里npc爱情之书的台词。,学习,即将结束我和末考的relationshit。,,狗屎一般的关系,,,8/24/2021
摘花,3,fahygaoyf,女性上厕所的文明说辞。,出自日本文化。因为日本女生觉得“去上厕所”是件相当害羞的事，便用摘花一词来代替，因为两者动作相似。后被引入中国，用作隐喻上厕所。,学习,姐妹你又去摘花了？,,上厕所,,,8/25/2021
一颗赛艇,3,fahygaoyf,为英文“exciting”的空耳，常用来形容令人兴奋和激动的事件或情形。,出自2015年贴吧，一楼主发帖问：“兴奋、高兴用英文怎么说”，随后有人回复了一张赛艇的图片，上面中文打上“亦可赛艇”，该表情包和读音梗因此走红网络，使得该词成为红极一时的网络流行语。,学习,终于要辞职了，好一颗赛艇啊,,E-x-ci-ting,,,7/27/2021
wuli,3,fahygaoyf,韩语“우리”的空耳，意思是“我们”“我们的”。它是朝鲜语交谈的一种常用的表达方式。在网络上常用来称呼自己喜欢的明星。可以把很亲密的同辈、恋人称为：WuLi + 名字；或者是和自己有亲属关系的人，可以用우리+称谓。,出自韩语文化。,学习,wuli哥哥就是棒～,,哥哥弟弟都是我的,,,8/21/2021
素人,3,fahygaoyf,日语“しろうと”的空耳，指外行，没有经验的人，非专家的人。,出自民国时期著名作家朱自清的《说梦》：“我是彻头彻尾赞美梦的，因为我是素人，而且将永远是素人。”,学习,表面上是素人，暗地里是大神,,外行，普通,,,8/20/2021
切克闹,3,fahygaoyf,英语 “Check it out！” 的空耳。可以理解为“我要开始了，你们可要认真听哦”的意思。,来自多元化的华人嘻哈曲风，是HIPHOP的一个分支，属于HIPHOP曲风在华人音乐的一个流派，翻译成英文就是chinked-out，由王力宏首先提出来。,学习,切克闹！煎饼果子来一套！,,来来来，看过来,,,8/21/2021
欧巴,3,fahygaoyf,韩语“오빠”的音译词，指的是女生对略年长的男性称呼哥哥叫欧巴。欧巴在韩语的称谓中属于敬语，也是年轻男女之间亲密的称呼。,出自韩语文化。,学习,欧巴太帅了啊欧巴～,,哥哥,,,8/24/2021
vibe check,3,fahygaoyf,一种突击问候的方式，等于“What's up bro!”（兄弟，你现在怎么样！）,出自2020年美国全国广播公司新闻记者Kalhan Rosenblatt在推特上发布了一系列名为“Vibe Check”的短视频，用来对某人违反社会礼仪和良好判断力的一种审判。26岁的斯宾塞对从囤积厕纸的女性到右翼枪支权利倡导者凯特琳·贝内特(Kaitlin Bennett)等所有人进行了“vibe check”测试，这段视频最初是由杨百翰大学四年级学生Daniel Spencer发布在TikTok上的。,学习,"A: Hey Jack! Vibe Check
B: Gang Gang, just chillin my guy!",,兄弟，你现在怎么样！,,,8/20/2021
他大姨妈,3,fahygaoyf,日文“ただいま”的空耳，是一句回家进屋时的礼貌用语，意为“我回来啦！”,出自日语文化。,学习,他大姨妈！快让我吹吹空调～,,我回来啦,,,8/19/2021
大哥别说二哥,3,fahygaoyf,指境况与条件差不多的人，应当相互体谅照料，不可彼此讥笑。,出自2005年袁静、孔厥著的《新儿女英雄传》四回：“大水说：‘嘿！看你，跟个泥菩萨似的。’双喜说：‘大哥别说二哥，两个差不多。’”,学习,大哥别说二哥，是沙师弟我做的不对,,五十步笑百步,,,8/14/2021
阿西吧,3,fahygaoyf,在中文网络情境下是一种语气感叹词，意思类似于我去，对某一事件或事物感到惊奇、震惊、愤怒等等时说出的话语，属于发泄情感的词语（但在韩语语境中是极不礼貌且粗俗的词汇，请慎用）。,出自韩语中的 “아! 씨발!”，这个词的中文形式是靠一波波热播的韩剧火起来的。,学习,阿西吧！我怎么这次考试又考砸了？,,艹,,,8/20/2021
hxdm,3,fahygaoyf,指“好兄弟们“的缩写。,不明,学习,hxdm，今晚去哪玩？,,好兄弟们,,,8/25/2021
"hand hands, loud louds",3,fahygaoyf,“旱的旱死，涝的涝死”的英文空耳。该汉语俗语本身经常用以形容情侣之间在发生关系这件事上的个体差异，一些网友经常用中英双语来表达“对方始终不想发生关系的，只能自己用手解决，对方需求太过频繁的，嗓子都喊哑了，真的吃不消”的涵义。一个隐形的【黄段子】。,不明,学习,"作为单身狗的我祝身边的情侣们：hand hands, loud louds",,情侣发生关系的个体差异。,,,8/24/2021
含妈量,3,fahygaoyf,因为很多不文明用语都含有“妈”这个字。所以“含妈量”用来形容语言文明程度。,不明,学习,凡事含妈量超标的造句一律打黑！,,别骂了别骂了,,,8/24/2021
发鸭儿达轰,3,fahygaoyf,英语“Fire in the hole”的中文空耳，在网络中可表达“后退！我要开始装B了！”或者根据语境可以表示任何意义。,"出自采矿业的标准用语：当炸药被放置好之后，矿工以该句警告他人炸药即将爆炸，不要靠近。后来该词在英语国家的工业、军事、航天等领域都有应用。“fire in the hole""  也是CF（穿越火线）、CS（反恐精英）等射击游戏中，通常是扔手雷时自动触发的人物语音，意为“小心手雷”或“小心”；目前常用于电竞相关的游戏当中，如CF、CSGO等。",学习,今天天气真好，发鸭儿达轰！,,Fire in the hole! 💥,,,8/25/2021
卡哇伊,3,fahygaoyf,日文“かわいい”的音译词，意思为“可爱、萌萌哒”。通常用来表示某人、某物很可爱。,出自日本语言文化，在1990年后迅速发展起来的“少女文化”。,学习,哇！你穿的好卡哇伊呀,,可可爱爱,,,8/23/2021
北斗掉线,3,fahygaoyf,指北斗定位突然收到干扰，无法正常使用。,出自大车司机金德强事件。货车司机金德强因北斗掉线，被指控疲劳驾驶且罚款2000元后服毒自尽。北斗掉线也成了“卡车司机的噩梦”。,学习,北斗掉线的事情一日不治，千千万万的家庭就有可能夜守空门,,卡车司机的噩梦,,,8/24/2021
加速主义,3,fahygaoyf,英文为Accelerationism，是一种政治与社会理论：认为资本主义制度或历史上某种技术相关的社会进程应该被加速以产生巨大社会变革。,出自1980年代的美国，当时美国纳粹党-全国社会主义解放阵线National Socialist Liberation Front 成员James Mason在时事通讯（围攻）中倡导破坏，大规模杀害和暗杀备受瞩目的目标，造成混乱，破坏稳定并最终摧毁该系统（体制）。,学习,加速主义在特定的场合以特定的模式运作也是有利的,,强调快速发展,,,8/25/2021
本升专,3,fahygaoyf,指从本科学历升至大专学历。,出自微博用户抽象带篮子。抽象带篮子曾经说过：“带专人，带专魂，带专都是人上人，985 211都是给咱带专打工的！”引发网友对专科学历的向往。2020年全国两会期间，全国政协委员倪闽景呼吁让因疫情回国留学生本升专，入读高职高专学校，引起了大量留学生的愤慨和网络上的调侃。因为职业大学通常和专科院校挂钩，所以被人调侃“本升专”。 ,学习,我这次回国好啊，直接本升专未来有保障了！,,反向升级,,,7/27/2021
挂路灯,3,fahygaoyf,指的是一种把引起众怒的人吊在路灯上的残酷私刑，现多指把引起众怒的人资本家的尸体吊起来。‌,出自法国大革命时期歌曲《Ah CA lra》的歌词“Les aristocrares on les pendra(即把他们吊死在路灯上)”,学习,贪污腐败，骗百姓钱的资本家请原地挂路灯,,当街示众,,,8/21/2021
偷走河南省长,3,fahygaoyf,指大家对河南省面对新冠病毒，火速封锁外来人员，严格控制疫情传播等举动的赞叹。,出自2020年1月疫情严重的事情，河南省省长针对疫情出台一系列有效的防范措施，令疫情得以控制，受全国人重视并表扬。,学习,偷走河南省长已经不能有效防范德尔塔病毒了,,疫情防疫的榜样,,,8/20/2021
邓宁·克鲁格效应,3,fahygaoyf,又名“邓克效应”，指能力欠缺的人无法认识到自身的无能，在自己欠考虑的决定的基础上得出错误结论，辨别错误行为，是一种认知偏差现象。,出自1995年邓宁和克鲁格的作品《论无法正确认识能力不足如何导致过高自我评价》。,学习,邓宁·克鲁格效应在普信男中很常见,,“我以为我很强”,,,8/21/2021
aka,3,fahygaoyf,“Also Known As”（又名、称为）的英文首字母缩写。该词在美国嘻哈文化中广为流行。,,学习,小词，aka最懂梗的小助手～,,众所周知,,,8/24/2021
bs,3,fahygaoyf,“Bullshit”（你放屁）的英文首字母缩写，又写作“B.S.”。形容某件事情完全是假的，是错误的。该词有侮辱性，请慎用！,,学习,bs，吴亦凡从没约过炮,,你在这放屁吧,,,8/20/2021
ttyl/ttul,3,fahygaoyf,"“talk to you later""（下次再聊/等会再说）的英文缩写。",不明,学习,我要去挖煤了，ttyl,,待会儿跟你说,,,8/19/2021
nvm,3,fahygaoyf,"“never mind""（没关系，当我没说）的英文缩写。",不明,学习,"nvm, I thought that you were single（当我没说，我以为你单身🤡）",,当我没说,,,8/14/2021
熔断,3,eric99,指自动停盘机制，是指当股指波幅达到规定的熔断点时，交易所为控制风险采取的暂停交易措施。,出自美国的芝加哥商业交易所，其在1982年对标普500指数期货合约实行过日交易价格为3%的价格限制。但这一规定在1983年被废除，直到1987年出现了股灾，才使人们重新考虑实施价格限制制度。,学习,经济危机的时候，还好因为熔断没有让我的钱全部套牢。,,临时停盘,,,8/20/2021
艾特,3,fahygaoyf,“at”的中文谐音，指“@”。意思是我呼叫/提到了你。,出自1971年电子邮件地址中“@”的符号，由美国电脑工程汤姆林森发明，起初是为了将收件人的名字同他所用的主机分开。,学习,有问题请艾特词堂哦！,,您的女神又提到了你,,,8/25/2021
--... ...--.....,3,fahygaoyf,指摩斯电码：ILOVEYOU（我爱你）。,不明,学习,"我：”--... ...--.....“
女票：“说人话”",,翻译出来就做我女朋友好吗,,,8/24/2021
打咩,3,fahygaoyf,指不行，不许的意思。,出自二次元对日语“打咩得死”【駄目です（da me de su）】的空耳翻译，后因配图吴京穿军装作出双手交叉的手势而爆火于网络。,学习,巨打咩：http://www.biaoqingb.com/uploads/img1/20210602/c435e87feebf7fb80a9b173f2af94c06.jpg,,吴京标志性动作,,,8/24/2021
♂,3,fahygaoyf,表示男性或者雄性的符号。‌‌‌​​‌ 多有其他暗示，请慎用！,出自兄贵哲学​​‌文化。,学习,美国哲♂学家（GV演员）比利海灵顿（比利王）,,男魂,,,8/25/2021
卍,3,fahygaoyf,读作“万”，是一个佛教符号，寓意着幸福吉祥。但如果反过来就是纳粹的标志，务必别搞错！,出自梵文，意为吉祥万德之所集。 藏语叫做雍仲。,学习,卍，回头是岸～,,佛海无边,,,8/23/2021
裤兜洗衣机,3,fahygaoyf,《名侦探柯南》中主角柯南原名“工藤新一”的中文空耳，又名“滚筒洗衣机” ,不明,学习,偶来哇，裤兜洗衣机！,,工藤新一,,,8/24/2021
丨,3,fahygaoyf,与“滚”同音，是一个象形文字，多被用来指代“滚”。该词有辱骂性，请慎用！,出自中国古代的象形词组。因为平台监管较为严格，于是出现了如“｜”这样的防屏蔽谐音字。在《康熙词典》里对它的解释是：“《集韵》古本切，读若衮。象数之纵也。”,学习,请渣男｜出我的世界，谢谢,,滚,,,8/25/2021
野生代言人,,fahygaoyf,指非官方的代言人，只是出于对某个东西的喜爱，所以一直向他人推荐。,不明,学习,,,非官方代言人,,,7/27/2021
思想钢印,3,fahygaoyf,指《三体》中的一个机器，由面壁者比尔·希恩斯的妻子山杉慧子发明（名义上是希恩斯）。该机器可以将外部思想强加于人的大脑之中，改变人的本来意志。,出自中国科幻作家刘慈欣科幻小说作品《三体II:黑暗森林》，由面壁者比尔·希恩斯的妻子山杉慧子发明（名义上是希恩斯）。,学习,妈妈每天都想用思想钢印来扭转我对喜欢我们班最胖女生的想法,,三体中的洗脑机器,,,8/21/2021
丁克,3,fahygaoyf,指的是那些具有生育能力而选择不生育，除了主动不生育，也可能是主观或者客观原因而被动选择不生育人群。,出自“DINK”的谐音，该词为英文“Double Income No Kids”四个单词的首字母组合。,学习,妈妈昨天跟我说她是丁克，我突然间就再也不开心了,,不生孩子,,,8/20/2021
鱼上岸了，就不再是鱼了,3,fahygaoyf,指事物改变了其原有属性，那就会发生质变。‌‌​‌​‌‌‌‌​​‌​‌‌‌​​​​​,"出自中国科幻作家刘慈欣科幻小说作品《三体》第三部，尼尔·斯科特舰长的最后陈述: “我没有太多可说的, 只有一个警告：生命从海洋登上陆地是地球生物进化的一个里程碑，但那些上岸的鱼再也不是鱼了；同样，真正进入太空的人，再也不是人了。”",学习,所以我们的航天英雄杨利伟已经不是人了。,,三体名言,,,8/21/2021
yolo,3,fahygaoyf,“You Only Live Once”（你只活一次）的英语首字母缩写。作为美国俚语，寓意是人应该享受人生，即使需要承担风险。,"出自一个名为“YOLO”的商标，释义为You Only Live Once，现在这一句话常常用在青少年的对话和音乐当中。加拿大饶舌歌手德雷克的《The Motto》使此句普及于网络中；BTS的歌曲《INTRO : O!RUL8,2?》和《Go Go》。2016年该新词首次作为词条收录于牛津词典。2019年中国男子流行演唱组合“R1SE”在其第二张专辑《炸裂狂想曲》中以也提到“我的格言是YOLO”。",学习,yolo，所以人生苦短及时行乐,,你只活一次，所以要活出自己,,,8/24/2021
墨菲定律,3,fahygaoyf,指的是如果事情有变坏的可能，不管这种可能性有多小，它总会发生。墨菲定律是一种心理学效应。,出自1949年由美国的一名工程师爱德华·墨菲（Edward A. Murphy），亦称“墨菲法则”、“墨菲定理”等。原文为：如果有两种或两种以上的方式去做某件事情，而其中一种选择方式将导致灾难，则必定有人会做出这种选择。“墨菲定律”、“帕金森定律”和“彼德原理”并称为二十世纪西方文化三大发现。,学习,墨菲定律：比如每天担心老婆怀了兄弟的娃,,坏的终会发生,,,8/20/2021
彩虹屁,3,fahygaoyf,指的是疯狂吹捧，甚至不符合逻辑；比如就算是爱豆放了个屁也能被夸成是彩虹。,出自2017年的饭圈文化，堪称是追星女孩的必备素养。偶像放一个屁，就能比喻成彩虹。追星女孩她们眼中的偶像是非常棒的，所以怎么看都是好的。后来被更多网友拿来形容更多的情况。,饭圈,彩虹屁实例：词堂真的是太好用了，即使bug很多、词语很少但是这些都不足以遮挡他的底蕴和风格～,,夸到天上去,,,8/19/2021
饭圈警察,3,eric99,贬义词，说的是一些对于自己喜欢的爱豆过分敏感的粉丝。他们每天在各种网站论坛上监视网友有没有发自己爱豆的名字或相关内容，就像警察一样各处巡逻，如有发现文章冒犯，就会进行艾特疯狂劝删或辱骂。,出自2018年饭圈文化。,饭圈,饭圈警察出自家圈来管人可是不行的哦,,饭圈里什么都要管的人,,,8/14/2021
kswl,3,eric99,“磕死我了 ”的缩写，该词最常见的用法是CP粉（幻想或喜欢某两个明星之间有特殊情谊的粉丝）在看到自己喜欢的cp互动时，用该词来表达自己的喜悦心情。“磕”则是指“喜欢并关注”。“,出自于二次元同人圈，而后慢慢在饭圈中也开始流行起来。,饭圈,孔刘和李栋旭这两位帅哥kswl！,,磕死我了,,,8/20/2021
pb,3,eric99,“Photobook（写真集）”的首字母缩写。,"出自2018年饭圈文化。饭圈的pb一般分为两类：一种是官方发行的正式的写真集，另一种是非官方的明星周边产品。官方发行的写真集一般是独家的，照片都是经过进修的，很有保存价值。而非官方的写真集属于周边产品之一，和印有明星照片的帆布袋、笔记本、文件夹、钥匙扣、徽章便利贴、透卡属于粉丝应援物之一。

",饭圈,我要是有易烊千玺的pb我就直接当场去世～,,写真集,,,8/25/2021
yygq,3,eric99,“阴阳怪气”的缩写。指通过使用语境义，反语，影射，小众梗等行为膈应别人，此方法能有效规避举报，而且可以使对方血压升高。,出自2019年饭圈文化。,饭圈,yygq的人在饭圈里好多，不像我只会心疼giegie,,阴阳怪气,,,8/24/2021
wdcc,3,eric99,“弯道超车”四个字的拼音首字母缩写。意思是形容某个爱豆突然爆火知名度大大提高，名气超过了之前和他同类别的其他人，后来居上。,出自2019年饭圈文化。,饭圈,"等这部剧播完，我的哥哥一定能wdcc
",,后来者居上,,,8/24/2021
srds,3,eric99,“虽然但是”的首字母拼音缩写，饭圈常见用语，用来表示转折。,出自2019年饭圈文化。,饭圈,srds他能力不怎么样，业务水平还是在线的。,,虽然但是,,,8/25/2021
世界的参差,3,eric99,形容本土学员和国际学员有一定的差距。,出自2021年邓超在选秀《创造营2021》中说的话，原句为“赛制制定的很好，让你们看到世界的参差”。,饭圈,创造营里世界的参差“很夸张”,,与人之间的差距很大,,,8/23/2021
太子,3,eric99,指经纪公司中当下最受重视、最受捧、资源最好的男爱豆和女爱豆。,不明,饭圈,51凡的经纪人公司太子一日全空,,目光的焦点,,,8/24/2021
ssmy,3,eric99,“盛世美颜”的拼音首字母建成，形容长相极好出众。,不明,饭圈,ssmy的王源我的爱,,盛世美颜,,,8/25/2021
糖果齁咸,,eric99,"指《创造营2021》中""糖果超甜""组合的花名。",出自韩美娟（韩佩泉）接受采访时说：“他们不是‘糖果超甜’，是‘糖果齁咸’。,饭圈,糖果齁咸组合有图有真相：https://img.youxi369.com/article/contents/2021/02/26/small_2021022622117207.png,,美娟赐言,,,7/27/2021
bdjw,,eric99,"""不懂就问“的缩写，指”我不懂这个梗，请告诉我它是什么意思""。",出自饭圈的缩写文化。,饭圈,不懂就问，bdjw什么意思？,,不懂就问,,,8/21/2021
满门忠烈,,eric99,指偶像的粉丝们黏着度高，粉丝对偶像很忠心，为了他熬夜做数据，打投，付出很多。该词原意指一家忠于朝廷，终于国家，而且不少家庭成员为国殒命，所以饭圈内对该词的应用不妥当的。,出自中国传统成语文化。,饭圈,谁在用满门忠烈来形容自己粉丝，直接罚抄小学语文课本一百遍,,对爱豆忠心的错误用法！,,,8/20/2021
dp,,eric99,“代拍”的拼音首字母缩写。指部分粉丝因为参加不了偶像的活动，花钱请去活动的人帮忙拍摄自己喜欢的明星。,出自饭圈常见的见粉丝文化。,饭圈,正直疫情期间，dp的请不要随便接活,,代拍,,,8/21/2021
钓系,,eric99,指一个人很有诱惑力，很吸引人，很勾人，可以牢牢的钓住其他人。,出自饭圈对爱豆的评价。,饭圈,张瀚是我的钓系美人～没毛病吧,,非常具有吸引力,,,8/24/2021
蛊系,,eric99,指外貌等方面你无法理解，居然能蛊惑人，令人着迷的一类人。‌‌,出自饭圈文化。,饭圈,钓系多清纯，蛊系多魅惑。,,又魔性又着迷,,,8/20/2021
九白读,,eric99,意思是九年义务教育白读了，通指一些满口脏话的网络喷子。,出自饭圈对喷子和一些文化水平偏低明星的调侃。,饭圈,连拼音都能忘，九白读！,,九年义务教育白读了,,,8/19/2021
热爱105度的你,,eric99,《热爱105度的你》是阿肆演唱的歌曲，也是屈臣氏的广告歌曲，后经B站网友对其洗脑旋律的恶搞而走红。,出自发行与2019年7月4日屈臣氏的广告歌曲。,饭圈,还是田一鸣对热爱105度的你诠释的最油最救命,,滴滴泉水的蒸馏水,,,8/14/2021
我的高傲已经尽数体现了,,eric99,指用有特殊待遇（“privilege”），但仍选择自己努力态度，实为凡尔赛式的发言。,出自博主@ 是空白a- 的博文，其中含一些描述自己和身边人享受的特权教育的片段，大概就是双国籍清华附中国际班的学生本可以跳过高考直接去清华但是想要追梦央戏需要再参与高考。文章表达了即使我们出身优越高傲，但是我们不自满还是很努力的思想。,饭圈,既然提到privilege，那我就来说说我的高傲在哪儿。我不用复制就打出了这个单词，写到这里，我的高傲已经尽数体现了 ​。,https://syimg.3dmgame.com/uploadimg/upload/image/20210519/20210519112402_39608.jpg,凡尔赛,,,8/20/2021
厨国,,eric99,指喜爱时代少年团中刘耀文和宋亚轩cp的圈子，粉丝群体也称“厨娘”。 ‌‌,出自微博饭圈cp超话。​‌‌‌​​‌‌‌‌‌‌​‌​​‌‌‌由于宋亚轩的花名是“盆”，刘耀文的花名是“完”，所以他们的“文轩”cp也叫“碗盆”cp。 因为碗盆都是厨房用具，所以粉丝给cp超话起名为“厨国”。,饭圈,厨国的厨娘们在哪里～让我看到你们好不好～,,刘耀文和宋亚轩,,,8/25/2021
宇航员保护小星球,,eric99,饭圈爱豆生日那天常会出现这句话，“宇航员”指自己，“小行星”指你喜欢的爱豆。这句话就是表达自己对爱豆的爱护。,,饭圈,我是xxxx号宇航员，负责保护xxxx小行星。“xxxx”内分别是“宇航员”和“小行星”的生日。‌‌‌‌‌‌‌‌‌‌,,我与爱豆的关系,,,8/24/2021
绝绝子,,eric99,形容某事物很，或用于反讽。,出自2018年乡村天后吧吧主“马七匹”的口癖，此人曾借吧主身份在欧美音乐圈行骗，受骗者遂用“无语子”反讽。后“绝绝子”一词传入饭圈，20年，几档综艺节目大火时得到广泛传播。,饭圈,张zh居然幕日，绝绝子,,我的天,,,8/24/2021
莉莉,,eric99,指《创造营》自己一直想被淘汰的选手利路修。‌‌‌,出自《创造营》的选手利路修在海选中因一直想被淘汰而出名，后来他开始直播吃鸡，直接落地成盒，被网友调侃为菜到在游戏里满地爬的莉莉（“菜菜+利利=莉莉”）。,饭圈,莉莉会玩吃鸡是真的,,利路修,,,8/25/2021
奶膘,,eric99,婴儿肥的另一种表达形式，多用来代指男艺人王一博。 因为王一博有点婴儿肥的，笑起来就有两坨肉，被调侃奶膘未消。,出自饭圈对明星的特定用语。,饭圈,奶膘太可爱啦！,,王一博,,,8/23/2021
洗广场,,eric99,指粉丝大量发原创微博净化某明星的微博广场。 比如发很多无关内容，带上热搜话题，好让无关人等点进热搜一脸懵逼。掩盖原本爆出的黑料的舆论公关操作。‌‌,出自微博的饭圈超话文化。,饭圈,可以说目前广场被洗得最为整洁的就是肖战相关的话题了,,水掉黑料！,,,8/24/2021
你宋丹丹,,eric99,“你说的对”的意思。因为你宋丹丹的缩写是“nsdd”类同“你说的对”。,出自饭圈缩写。,饭圈,你宋丹丹，我都听你的,,你说的对,,,8/25/2021
散粉,,eric99,意为分散的“粉丝”，就是没有加入任何歌友会或影迷会组织的明星粉丝。,出自饭圈用语。,饭圈,我就是一散粉，我单纯喜欢他的音乐。,,分散的“粉丝”,,,7/27/2021
谣姐,,eric99,指肖战粉丝，原因为该粉丝群体热衷于倒打一耙，造谣成性。,出自饭圈用语。,饭圈,谣姐又开始给肖战造谣了。,,肖战粉丝,,,8/21/2021
dddd,,eric99,懂的都懂的缩写形式，可以去阴阳怪气别人，让人一脸懵逼。,,饭圈,这波细节操作，dddd。,,懂的都懂,,,8/20/2021
科切拉警告,,eric99,Coachella科切拉音乐节即将到来的意思。,,饭圈,科切拉警告，大波BlackPink粉丝来临。,,音乐节预警,,,8/21/2021
九漏鱼,,eric99,全称九年义务教育漏网之鱼，也就是指没有完成小学和初中的九年义务教育的人。被当代年轻人广泛使用于很多的自嘲场合。,,饭圈,你也太没文化了，简直就是九漏鱼,,没文化,,,8/24/2021
并肩于雪山之巅,,eric99,并肩于雪山之巅=bjyxszd=博君一肖是真的。王一博和肖战都喜欢滑雪，想约着一起去滑雪”是一个约定，也刚好跟“博君一笑是真的”的拼音首字母匹配，是一个美好愿望。 ,,饭圈,希望并肩于雪山之巅。,,博君一肖是真的,,,8/20/2021
买米当卡,,eric99,泰语“我没有钱”的空耳。,出自女艺人lisa本人在一个节目的时候带着自己的队友在泰国的小市场，在和老板砍价的时候经常就会说这句话，所以后来这个节目播出之后，这个梗就直接火起来了。,饭圈,买卡当卡，这顿还是你请我吧！,,我没有钱,,,8/19/2021
磕学家,,eric99,喜欢磕明星或者荧幕cp的一类人，他们擅长捕捉两人之间的互动情节和话语，并且从中吸取恋爱养分，还将这种他们找到的微妙细节分享给更多跟他们想法类似的人。,出自王一博和肖战的cp粉,饭圈,作为一个嗑学家，我最喜欢吃瓜cp。,,嗑cp专家,,,8/14/2021
切瓜,,eric99,一般爱豆回归时都会在各大音源网站（就像QQ音乐，网易云音乐……）上发布歌曲，其中韩国最大的音源网站Melon，翻译过来就是瓜的意思。因为韩国有音乐打榜节目，有一位机制，一位分数占比里面音源分往往占较大的比例，想要音源好就要有更多人听，所以粉丝就会尽全力刷播放，这种行为称之为切瓜。,出自韩饭饭圈用语。,饭圈,xxx回网易云了，大家快来切瓜吧！,,刷播放量,,,8/20/2021
走花路,,eric99,走美丽、顺利、平坦的道路，是饭圈常用语，完整说法是一起走花路吧！,出自饭圈常用语，从2017年开始被广泛使用。,饭圈,一起走花路吧！,,走美丽平坦之路,,,8/25/2021
c位,,eric99,即Carry或Center，核心位置的意思。早期在游戏领域一直作为Carry位的意思，指能够在游戏中后期担任主力带领队伍的角色。后来，C位这个词在游戏中应用的越来越广，逐渐转到生活当中。当某一个人在团队中的处于核心位置时，人们便称呼他是Center位，在影视剧或综艺海报中，这个位置也是咖位比较高的人。,出自《偶像练习生》为代表的一系列网络偶像团体选拔节目。 ,饭圈,,,团队核心人物,,,8/24/2021
ky,,eric99,意思是没眼力见、不会按照当时的气氛和对方的脸色做出合适的反应。,出自于日语的“空気が読めない（发音kuuki ga yomenai 直译为‘不会读取气氛’）”，K是空気第一个字母，Y是読め第一个字母，,饭圈,,,没眼力见,,,8/24/2021
艺术就是爆炸,,eric99,表达的是艺术创作的灵感一旦来了就很猛烈，是《火影忍者》里的著名反派迪达拉的经典名言。,出自日本艺术家冈本太郎的名言，《火影忍者》里迪达拉这一人物形象也在多处借鉴了冈本太郎及其艺术作品。,饭圈,向人群中投掷点燃的炮竹，酷酷的说一声艺术就是爆炸。,,灵感爆炸,,,8/25/2021
混圈不混粉,,eric99,指关注某个粉丝圈动态，文化，但是并不会在粉圈抱团，不会被粉丝群体左右甚至洗脑。,出自饭圈网民文化。,饭圈,娱乐圈塌房太多，所以逐渐形成了混圈不混粉的心态,,内行路人,,,8/23/2021
他送我买,,eric99,指的是音乐剧演员郑云龙和挚友阿云嘎之间的对话。表示郑云龙不花钱买东西，问阿云嘎要，阿云嘎会买给他。用来调侃郑云龙和阿云嘎之间的亲密感情。,出自一段采访提问郑云龙有什么省钱的窍门。 郑云龙表示：“就是不买，问人要”。 然后非常自然的引向阿云嘎并说：“他送”。 阿云嘎也自然的接过表示：“我买”。,饭圈,他送我买在现在的嗑学家中不断发酵,,云龙与嘎❤️,,,8/24/2021
tzl,,eric99,“太真了”的缩写，感叹CP好甜好真的时候会发出这种感叹。,出自饭圈网民文化。,饭圈,tzltzl嗑死我了,,太真了kswl,,,8/25/2021
磕cp,,fahygaoyf,指有恋爱关系的同人配对，也指对于漫画、小说、电视剧中的角色，粉丝根据自己的喜好进行配对形成的假想情侣。,出自于二次元同人圈，而后慢慢在饭圈中也开始流行起来。,饭圈,下雨天在家磕cp看剧是最幸福的事情,,请注意是“磕”,,,7/27/2021
时间管理大师,,fahygaoyf,指罗志祥即使在很忙碌的时间中还可以同时约很多女生，后来形容在忙碌的时间中还可以约女生的人。,出自网友扒出罗志祥的行程单，每一个行程都非常的赶，基本一天换一个地方，在这中忙碌的时间中还可以约女生。 所以被称呼为时间管理大师。,饭圈,新时代时间管理大师是你是我也是他,,罗志祥,,,8/21/2021
这一生你归我了，下一世还你自由,,fahygaoyf,指古风置顶超句,出自微博古风超话社区。,国风,喜欢古风的第三天见到女朋友：这一生你归我了，下一世还你自由,,古风骚话,,,8/20/2021
萌款,,fahygaoyf,形容因为太受欢迎以至于很难买到的服饰及配件。 ,出自在JK制服、汉服、lolita破产三女神这三种服饰风格的同好圈子。,国风,你以为萌款那么好收吗，一个神秘的微笑也有大萌款与小萌款之分。,,“啊啊啊一定要买！”,,,8/21/2021
三坑少女,,fahygaoyf,指同时喜欢上汉服、lolita服饰、JK制服，三种服饰并且为之花钱的女孩子。,出自汉服、lolita服饰、JK制服是公认的三大坑。,国风,三坑少女，富婆基地,,喜欢三种服装的少女,,,8/24/2021
破产三姐妹,,fahygaoyf,指让妹子可以倾家荡产的三种东西，Lolita、汉服、JK。,出自lolita、汉服、JK，因为这些衣服的兼顾性感与萌系，引得无数二次元妹子竞折腰，为其怒掏腰包。江湖人称此三种法宝为：“破产三姐妹”。,国风,我在破产三姐妹的刺激下成功变成了三坑少女,,太贵也得买啊呜呜呜,,,8/20/2021
种草机,,fahygaoyf,又称“种草姬”。指外貌和气质上都很适合穿lolita、汉服、制服，并且适合拍照，能够展示服饰的美丽特质，让人一看她的穿着就想买同款的女孩。,出自lolita fashion、汉服和JK制服三种破产三女神小众服饰爱好者中常用的词汇。,国风,最难过的就是我的姐妹都是种草机，让我每天跟破产三姐妹过招,,行走的种草机器,,,8/19/2021
十级汉服娘,,fahygaoyf,指汉服圈内的一部分爱好者，经常以自己认定的汉服着装标准强行要求其他圈内人，是一种讽刺性的蔑称。其行为包括但不限于（公开且当面地）指摘他人的饰物、发型、鞋子、妆容等与服装不搭配，衣服穿法不正确。,出自某些圈内人因为入圈较早而显摆资历，看不起新入圈者，常用攻击性的语气指责新人的着装不够正统。反感者就以“你懂这么多，一定是有lo娘十级证书吧”的讽刺回击。此后“十级”的说法逐渐成为小众服饰爱好圈内的固定反讽，指一切多管闲事且优越感过强，以圈管自居的圈内人。,国风,十级汉服娘就是你本人吧，这么挑剔？,,国风·嘴炮选手,,,8/14/2021
仙服出行日,,fahygaoyf,又称作“仙服出行日”，是汉服爱好者穿汉服出行的一天。,出自一名汉服爱好者在2003年11月22日身穿汉服上街，被媒体报道得到广泛关注。后来大家把这天统一称作汉服出行日。,国风,仙服出行日，本宫今天仙气飘飘,,一夜回到大唐,,,8/20/2021
洛丽塔,,fahygaoyf,指非常萌、非常可爱的一种服饰‌。,出自日本二次元文化。,国风,穿洛丽塔的女生也太软太可爱了吧,,二次元妹控的最爱,,,8/25/2021
清早起来去拾粪,,,曲剧《李豁子离婚》里开头第一句，因为这句词非常有魔性，大早上的刚起来就要去拾粪了吗？再加上独特的唱腔，而且整部剧模仿起来加上场景也很有喜剧色彩，于是引起了网友们的争相效仿。,出自曲剧《李豁子离婚》,国风,清早起来去拾粪，中午再去搬大砖,,💩,,,8/24/2021
题词,,fahygaoyf,为留纪念而写上的字。,不明,国风,看完仙剑奇侠传，我为胡歌的帅题词纪念,,墓志铭,,,8/24/2021
宁使我负天下人，不教天下人负我,,fahygaoyf,宁可让自己对不起天下人，也不能让天下人对不起我。 引申为以自我为中心，完全按照自己的意愿行事情，而不去管这事情对其他人的影响。,"出自原句“宁教我负天下人,莫教天下人负我”，《三国演义》曹操杀吕不奢。",国风,如今只有这么做才是大道所趋，宁使我负天下人，不叫天下人负我,,身怀大义,,,8/25/2021
大萌款,,fahygaoyf,大热门款，有很多人喜欢。,不明,国风,这件大萌款的洛丽塔我直接下单,,萌就是我的软肋,,,8/23/2021
追杀曹贼,,fahygaoyf,指曹操被马超追杀时的“机智”举动。,"出自网上爆火的《新三国》西凉马超追杀曹操片段：
指马超追杀曹操时：
马超:“穿红袍的是曹贼！追杀曹贼！”
曹操:哈哈 
马超：“长髯者是曹贼！追杀曹贼”
曹操:哈哈
马超：“短髯者是曹贼！追杀曹贼”
曹操:哈哈",国风,有头的是曹贼！追杀曹贼！,https://www.bilibili.com/video/av90897707/,各位曹贼我们又见面了。,,,8/24/2021
关过江,,fahygaoyf,指在《新三国》这部戏中关羽的绰号。,出自《新三国》中关羽在参官马良声称要注意防范吴国偷袭，提防孙权过江的时候，大吼：“那好啊！他过江我也过江，他过江攻我荆州，我就过江直捣他东吴建业，连孙权一块拿了！” 这句台词之所以会成为梗，主要是里面的二爷已经超出了人类基本逻辑思维之外了，人家孙权要真的已经过了江，都在打你荆州的时候，你大本营都没了，还有个鬼的能力过江。,国风,这场球赛都已经落后20分了你还这么自信，简直是关过江,,无理自信,,,8/25/2021
曹盖饭,,fahygaoyf,指在《新三国》当曹操得知自己后方被偷袭的时候，竟然气得将手里的米饭盖在了桌子上。网友纷纷表示：原来盖饭是曹丞相发明的。,出自电视剧《新三国》,国风,今天我们去麦当劳吃儿童曹盖饭？,,曹操的发明,,,7/27/2021
外卖Lolita,,fahygaoyf,一个Lolita服饰爱好者改造美团外卖服制作的一条Lolita风格的裙子，该裙子由于非常有创意，裙子照片被很多网友分享转发。小姐姐博主在视频里还调侃该裙子有很多优点，比如广告面积大，回头率高，品牌曝光效果好/不能骑车，步行送外卖更安全等，可以说非常搞笑了。,一个Lolita服饰爱好者改造美团外卖服制作的一条Lolita风格的裙子，该裙子由于非常有创意，裙子照片被很多网友分享转发。外卖Lolita发展经过小姐姐博主在视频里还调侃该裙子有很多优点，比如广告面积大，回头率高，品牌曝光效果好/不能骑车，步行送外卖更安全等，可以说非常搞笑了。[1],国风,洛丽塔我只穿外卖lolita,,完美洛丽塔,,,8/21/2021
点,,fahygaoyf,点在制服圈内等同于件，六点 = 六件。,出自Lolita服饰圈。,国风,买几个点才算入圈洛丽塔啊,,金融洛丽塔,,,8/20/2021
定位线,,fahygaoyf,在JK制服中，制服裙下摆上保持裙褶不散的一道线，叫定位线。因为它可以让褶子定位。,不明,国风,我买的jk裙子没有定位线是不是不对啊？,,褶子定位,,,8/21/2021
古言,,fahygaoyf,古言指的是古代的言论，著作，如《诗经》、《红楼梦》、《高唐赋》、《九州·神女赋》等。诗词歌赋、文言文等内容。现也有古代言情小说的含义。古言的范围很广，热衷古代言情小说的朋友请参见词条”古代言情小说“。,出自于2010年建立的百度古言吧。,国风,有没有好看的古言小说推荐。,,古代的言论,,,8/24/2021
古风,,fahygaoyf,指的是现代社会流行的古代潮流。随着人们对古代社会的深入探索，人们对古代社会的风俗、文学、思想等等也表现出了越来越大的兴趣；相应地，他们会吸收古代的一些做法、言论、思想等等，并加以运用，使自己在这个浮躁的社会得到一个思想的寄托，保持自己的本真。,不明,国风,他创作了很多唯美的古风诗句。,,古代的风俗习惯,,,8/20/2021
洛天依,,fahygaoyf,洛天依是以Yamaha公司的VOCALOID3语音合成引擎为基础制作的全世界第一款VOCALOID中文声库和虚拟形象。拥有庞大的粉丝群体“锦依卫”，是国内最早实现盈利的虚拟歌手。,出自2012年3月22日，上海禾念信息科技有限公司以雅马哈的VOCALOID3语音合成引擎为基础制作的全世界第一款VOCALOID中文声库和虚拟形象。,国风,洛天依也太卡哇伊了吧！,,虚拟歌手,,,8/19/2021
热爱盖饭曹孟德,,fahygaoyf,在新三国中，曹操当得知自己后方被偷袭的时候，竟然气得将手里的米饭盖在了桌子上。网友纷纷表示：原来盖饭是曹丞相发明的。,出自电视剧新三国。,国风,这是曹孟德牌的盖饭吧。,,曹操的发明,,,8/14/2021
马超四连,,fahygaoyf,指在新三国中，马超面对曹操时，一连骂出四个贼，堪称马超四连。虽然书上的锦马超给人的感觉是文质彬彬的形象，可这一版马超才有西凉铁骑的彪悍和凶猛。,出自电视剧新三国。,国风,动口不动手，马超四连怼死你。,,曹贼 x4,,,8/20/2021
黄忠爱哈哈,,fahygaoyf,"关羽：你老了，我关羽的刀不斩老幼。
黄忠：哈哈哈哈哈
韩玄：我们还是退兵吧。
黄忠：哈哈哈哈。
魏延：黄将军，不如一起献城投奔刘备吧。
黄忠：哈哈哈哈。",出自电视剧新三国。,国风,"没有人：
黄忠：哈哈哈哈哈",,黄忠的唯一回复,,,8/25/2021
唐制汉服,,fahygaoyf,汉族服饰系统中一种款式，特征是交领、右衽、系带。代表有齐胸衫裙、唐圆领袍、交领襦裙等。唐制汉服包括唐代汉服和根据唐代汉服的形制发展、复原的一种现代汉服。,不明,国风,唐制汉服最大的特点就是华丽张扬。,,汉族服饰款式,,,8/24/2021
深衣,,fahygaoyf,就是上衣和下裳相连在一起，用不同色彩的布料作为边缘；其特点是使身体深藏不露，雍容典雅。现代人文学者建议将深衣作为中华地区的汉服来推广，作为汉族文化的代表。,出自虞朝的先王有虞氏，把衣、裳连在一起包住身子，分开裁但是上下缝合，因为“被体深邃”，因而得名。,国风,孔氏正义曰：“所以称深衣者，以余服则上衣下裳不相连，此深衣衣裳相连，被体深邃，故谓之深衣。”,,“被体深邃”的汉服,,,8/24/2021
右衽,,fahygaoyf,指衣襟向右掩（左前襟掩向右腋系带，将右襟掩覆于内。）的服饰，是汉族的象征符号之一。,不明,国风,古代中原汉族服装衣襟向右，以“右衽”谓华夏风习。,,汉族的象征符号,,,8/25/2021
罩衫,,fahygaoyf,宽松的上衣罩衫：中国古代服饰,不明,国风,罩衫有着类似风衣披风的功能之类。,,古代风衣,,,8/23/2021
xjx,,fahygaoyf,谢景行的缩写‌‌‌​‌‌‌​‌​​​‌‌​​​‌‌。,出自千山茶客原创古风小说《重生之将门毒后》中的男主角。,国风,xjx是我最爱的古风小说男主角。,,谢景行,,,8/24/2021
直缀,,fahygaoyf,系僧侣之法衣一种，即将偏衫与裙子合缀而成之僧服。,出自《圣同三传通记糅钞》卷二十六载，唐代新吴百丈山慧海大智禅师始将偏衫与裙子上下连缀，而称之为直缀。或谓东晋佛图澄创制，然事实不详。《敕修百丈清规》卷五“直缀”条：“相传，前辈见僧有偏衫而无裙，有裙而无偏衫，遂合二衣为直缀。”,国风,相传，前辈见僧有偏衫而无裙，有裙而无偏衫，遂合二衣为直缀。,,系僧侣之法衣,,,8/25/2021
紫苑镇事件,,fahygaoyf,指涉及日本各地一连串离奇医疗病例和死亡的“紫苑镇音调”，传说是和“口袋怪物” 系列游戏有关，特别是最先发售的红版及绿版。 ,不明,国风,当年的紫苑镇事件给《宝可梦》玩家留下了巨大的心理阴影。,,鬼镇事件,,,7/27/2021
韩服挑战赛,,fahygaoyf,指最近韩国画圈兴起的韩服同人画活动。,"出自于微博上的一位中国画师“old先”在微博发布了几幅画，并且配文""古风混搭""。后被韩国一些网友嘲讽说这哪是中国古风，这明明是韩服，中国古风明明是清朝那种扎辫子的形象，还说中国喜欢剽窃别的国家的文化等等。引发境外热议后，Old给出了自己图片的参考出处——明朝蓝氏画像轴。并且编剧于正也在ins上凑热闹评价这件事，说“韩国在明朝时就是中国的属国，服装就是沿用明朝的”，这些韩国网友的历史水平也被网友质疑。",国风,韩服挑战赛在古风圈引起了巨大的争议。,,韩服 v.s. 汉服,,,8/21/2021
短打,,fahygaoyf,古代汉服的一种，又称“竖褐”、“裋褐”。以劳作方便为目的的便服。与常服和礼服相区别。,不明,国风,“武松打虎”的传统形象里，武松穿着的便是“短打衣”。,,,,,8/20/2021
襦裙,,fahygaoyf,汉服的一种，上身穿的短衣和下身束的裙子合称襦裙，是典型的“上衣下裳”衣制。,出自战国时期，兴起于魏晋南北朝。,国风,男子襦裙多称为衣裳(cháng)。,,“上衣下裳”,,,8/21/2021
西化派,,fahygaoyf,"“西化派""是20世纪初叶中国的一个重要文化哲学派别。它对中西文化观念进行了比较,认为东西文化的差别是时代的差别,对中国封建社会进行了无情的抨击,主张用具有民主精神和科学精神的西方近代文化来取代和改造中国固有的封建文化,具有思想启蒙和思想解放的不朽功绩。代表人物有陈独秀,李大钊,胡适,钱玄同,鲁迅等人.",不明,国风,"""西化派“打破偶像旧习、破除封建陋俗与对未来的乐观认定相结合的做法，可以使东亚知识分子在坚持学习西方的同时又不失掉民族建设的坚定方向。",,科学精神的发扬,,,8/24/2021
王天乐 ,,fahygaoyf,Dansc Baby萌宝天团成员。,,国风,把对的句子改成错的，你可真是语文不行曹雪芹。,,不懂装懂,,,8/20/2021
语文不行曹雪芹,,fahygaoyf,2011版《红楼梦》的片尾曲被人吐槽过歌词不行，更有人指词作者语文水平不高，但该词作者正是《红楼梦》作者曹雪芹。于是“语文不行曹雪芹”这个梗就火了。,出走微博评论。,国风,辞藻堆砌李清照，语文不行曹雪芹,http://5b0988e595225.cdn.sohucs.com/images/20190124/1fd5d99efe0e4eb8a05d8a433ecbe92e.jpeg,,,,8/19/2021
青山一道同云雨，明月何曾是两乡,,fahygaoyf,代表着人分两地、情同一心的深情厚谊。,出自王昌龄的《送柴侍御》。当时友人柴侍御将要从龙标前往武冈，临行前，王昌龄以这首诗为他送行。,国风,疫情期间日本舞鹤市给国内捐赠物资上写的：青山一道同云雨，明月何曾是两乡,,,fahy,2020,8/14/2021
剑，最要远离的就是感情,,fahygaoyf,调侃谈情说爱会影响自己打游戏。,出自《秦时明月》里的卫庄对盖聂说的一句话。,国风,愤怒，并不能使你更强。剑，最要远离的就是感情。‌,,女人只会影响你的拔剑速度,,2021,8/20/2021
江南百景图,,fahygaoyf,指的是由椰岛游戏自主研发的古风模拟经营类手游。,出自同名游戏，因为独到的画风和内容，常上热搜，所以自成一梗。,国风,江南百景图的游戏截图：https://api.jikipedia.com/upload/7646902bb8dfdf006b1fa0d0ed4694d3_scaled.png,,古风经营类,,2020,8/25/2021
陈情令体,,fahygaoyf,电视剧《陈情令》里热门台词的语言句式，如果某人张口就凭空带一丢丢古风，就需要考虑是不是陈情令体了。,出自电视剧《陈情令》。,国风,"陈情令体：
我想带一盒小龙虾回卧室，带回去，藏起来，慢慢吃
自以为心若顽石，却终究人非草木。",,自带古风bgm的说辞,,2021,8/24/2021
汉文化,,fahygaoyf,指华夏人民创造的物质文化和思想文化的总和，又称为华夏文化， 历代中国人民创造了辉煌灿烂的文化艺术，具有鲜明的汉民族特色。,出自于齐鲁文化，即儒学文化。,国风,汉文化与亚文化截然不同，大家慎重区分！,,历史要考的知识点,,2021,8/24/2021
x古六,,fahygaoyf,求助贴吧吧友帮助取id名字时的无脑回复。,出自《决战！平安京》百度贴吧一吧友请吧友帮忙取id名，表示要体现“我玩二口女，要古风，贼六”，于是吧友纷纷回复“二古六”。后续其他京吧吧友要求帮取id，无论是否有“古风、贼六”的中二无理要求，多有x古六的回复。,国风,玩鬼女红叶求id：红古六,,无脑id名模版,,2021,8/25/2021
古风美男,,fahygaoyf,字面指的是穿着古风的美男子，一般被电竞圈用来形容职业选手AmazingJ。,出自古风圈，但在17年电竞圈有网友用选手aj来造句时，造出了上单之光AJ、古风美男AJ、温水煮AJ等梗。很多网友随后p了很多关于aj的古风照片，随即爆火，所以电竞圈就从此用古风美男来形容aj。,国风,我要是在古代铁定古风美男，可我现在只能原地搬砖,https://api.jikipedia.com/upload/36efc00fbe37b259d5ecddf575d12f85.jpeg,身高八尺的帅哥,,2017,8/23/2021
南笙,,fahygaoyf,中国女演员。2012年因自己的照片在豆瓣上而走红，同年签约北京荣信达影视公司成长专业艺人。2013年出版个人散文集《不为遇见，只为远方》，其形象走萝莉型路线。,不明,国风,,,,,,8/24/2021
长安故里,,fahygaoyf,表白用语，自古诗词多出现“长安是故乡”这样的表述，因此网友自编了一段话“以后，我叫长安，你叫故里，因为，长安归故里，故里有长安”。表示你中有我我中有你，希望长相厮守，永不分离。‌,出自古风圈红极一时的网络段子：“长安归故里，故里有长安”。前半句摘取古诗或者小说，后半句则出自一首歌曲。现被网友用于表白或取情侣网名。,国风,长安故里太俗，干脆我们叫春江和江南岸吧～,,莪嗳伱,,,8/25/2021
长安尽头无故里,,fahygaoyf,表达男女有缘无分，把一个人比做长安，一个人比作故里，长安的尽头是没有故里的，故里从此要告别长安了。可参考“长安故里”解释。,出自网易云音乐《云水谣》这首歌曲下的一个热门评论：以后，我叫长安，你叫故里，因为，长安尽头无故里，故里从此别长安。,国风,你是个好人，但长安尽头无故里,,咱俩没缘分,,,7/27/2021
可乐梗,,fahygaoyf,指足球球星C罗在21年欧洲杯带起的“喝水，不喝可乐“的潮流。,出自2021年葡萄牙球星C罗在欧洲杯赛前发布会上挪开放在桌上的两瓶可乐，并拿出一瓶水说：“喝水，不要可乐”。,体育,C罗自带的可乐梗，可以让可口可乐打钱了,,“哎，我不喝，但这是可口可乐”,,,8/21/2021
足球回家,,fahygaoyf,指的是英国队的助威口号“It's coming home”的中文意思，代表英国队要把冠军带回家但常常不能如愿而被网友调侃。,出自1992年现代足球发源地英格兰拿到了欧洲杯主办权，“足球回家”的观念从此便开始在英伦三岛盛行，也在日后成为了1996年欧洲杯的官方口号。,体育,这届欧洲杯英格兰也是如约的足球回家了,,英格兰足球队的口号,,,8/20/2021
苏醒电视机,,fahygaoyf,指歌手苏醒在钟爱的球队（巴塞罗那）输球后砸坏的电视机。,出自2019年5月8点，欧冠半决赛出现惊天大逆转，利物浦半决赛第二回合主场4：0击败巴塞罗那，苏醒作为巴塞球迷在微博直播中愤怒的砸烂了自家的电视。,体育,苏醒电视机，案发现场：https://www.bilibili.com/video/BV134411v7c9/?spm_id_from=333.788.recommend_more_video.-1,,电视机做错了什么,,,8/21/2021
字母哥,,fahygaoyf,指扬尼斯·阿德托昆博（Giannis Antetokounmpo），全名扬尼斯·西纳·乌戈·阿德托昆博（Giannis Sina Ugo Antetokounmpo）的简称。,出自NBA雄鹿主场比赛的现场DJ对扬尼斯的称呼，直呼阿德托昆博为“the alphabet”，翻译过来就是字母表先生的意思；后经球迷引申成为“字母哥”。,体育,字母哥yyds！,,被名字耽误的篮球新星,,,8/24/2021
CP3,,fahygaoyf,指克里斯·保罗（Chris Paul），他的首字母是“CP”以及他的球衣是3号。,出自NBA球迷。,体育,CP3今年再不夺冠就大势已去了,,被广告耽误的球星,,,8/20/2021
詹皇,,fahygaoyf,指NBA球星勒布朗·詹姆斯（LeBron James），绰号“小皇帝”，又称“詹皇”。,出自詹姆斯曾用名是kingjames，国内翻译“皇帝詹姆斯”。由于当初詹姆斯刚进联盟年龄还小，所以国内称呼“小皇帝詹姆斯”，后来随着年龄增长，简称“詹皇”。,体育,如果可以时间重来，我还想看一场詹皇和科比的对决呜呜呜,,只要球队输，我就送你走,,,8/19/2021
颜射,,fahygaoyf,指篮球的专业俗语，在一对一防守下，对方离你很近，你干拔跳投，球进。可以说是对着防守队员的“颜”，射球入筐。,不明,体育,请问平均每场防守库里要被颜射多少次？,,迎着面射球入筐。,,,8/14/2021
你见过凌晨四点洛杉矶吗,,fahygaoyf,一般用来形容勤奋刻苦，也用来致敬科比的伟大。,出自科比与某体育记者的采访语录。采访内容如下： 记者问：“你为什么能如此成功呢？” 科比反问道：“你知道洛杉矶凌晨四点钟是什么样子吗？”后被球迷疯传，堪称曼巴精神的体现。,体育,记者问：“你见过凌晨四点的洛杉矶吗？”，哈登：“当然，那正是我从夜店出来回家睡觉的时候。”,,Mamba Mentality,,,8/20/2021
马加特的球员,,fahygaoyf,指足球里把一个球员放到马加特的盒子里，如果我们不打开盒子，就永远不知道球员是生是死。这种现象叫马加特的球员。,出自足球迷对教练马加特的魔鬼训练的调侃。因其一向以大运动量和实心球魔鬼训练著称，加入马加特队的球员都好比薛定谔的猫一样，生死不明。,体育,带领狼堡屠杀拜仁的除了马加特的球员外没有其他人。,,足球版薛定谔的猫,,,8/25/2021
吉诺比利突（秃）投（头）结合,,fahygaoyf,一语双关，表层是指NBA球星吉诺比利是突破和投篮结合最厉害的球手，实则也是指他是秃头最厉害的球手。,出自NBA球迷对吉诺比利造型的调侃。,体育,吉诺比利突（秃）投（头）结合，案发现场：https://www.bilibili.com/video/BV1k4411M7NN/?spm_id_from=333.788.recommend_more_video.-1,,吉诺比利：👩‍🦲,,,8/24/2021
35秒13分,,fahygaoyf,指的是麦迪在35秒内得到13分，成功逆转比赛取得胜利的神奇时刻。,出自2004年12月9日火箭主场大战马刺的比赛。面对强大的马刺队，在最后的35秒内火箭仍然落后10分，然而麦迪却凭借出色的跳投技巧和抢断在短短的35秒内获得13分，最终以一分领先优势带走比赛，从而创造了NBA历史上最激动人心的表演之一。后来粉丝们都将此事件比作“麦迪时刻”，而“35秒13分”的神话也经久不息。,体育,35秒13分，案发现场：https://www.bilibili.com/video/BV1Ht4y1U71t,,麦迪时刻,,,8/24/2021
追梦绿,,fahygaoyf,"指的是篮球勇士队球员Draymon Green的昵称，追梦 = Draymon，绿 = Green, 勇士队小前锋德拉蒙德格林的诙谐音译。",不明,体育,追梦绿和库里等汤普森要等哭了,,德拉蒙德·格林 （Draymond Green)。,,,8/25/2021
梦之队,,fahygaoyf,美国国家男子篮球队，囊括了当时NBA几乎所有的顶尖篮球员而被人们看作是最强大的篮球队。,出自1992年巴塞罗那奥运会上迈克尔乔丹和魔术师约翰逊带领的首个最强美国篮球队，被命名为“梦一队”。之后历届的美国男子篮球代表队都被通称为“梦之队”。,体育,梦之队中还是梦一最强，不接受反驳。,,地表最强大男子篮球队,,,8/23/2021
诸葛马龙,,fahygaoyf,指NBA中通过故意输球在季后赛避开强劲对手的掘金队主教练迈克·马龙。,出自2019年NBA掘金队现任主帅迈克·马龙在常规赛末段故意输球，以在西决避开强劲的火箭队。但掘金最后因输给开拓者，未能进入西决，因此被网友笑称为“诸葛马龙”。,体育,诸葛马龙在今年就等于“小丑竟是我自己”。,,假诸葛真马龙,,,8/24/2021
7-1,,fahygaoyf,指的是足球比赛上德国对战东道主巴西队的比分。,出自2014年巴西世界杯半决赛第一场，官方一致认为仅存残阵的巴西难以在90分钟内取胜，就连一向低调的德国队教练勒都敢在发布会大放厥词。但没想到德国队却在大家不怎么看好的声音中，对东道主巴西队开始了一场毫无征兆的屠杀，最终将比分定格在了7-1，到如今也是很多巴西球迷心中不能忘记的槛。,体育,7-1的神话故事有一天中国队能谱写就好了,,宛如大人在和小孩子踢球,,,8/25/2021
难忘今削,,fahygaoyf,指水平不怎么高的球员或者水平尚可但还有所不足的球员遇到比较专业削球手，极有可能会被“削”到心态炸裂，因此被戏称为“难忘今削”。,不明,体育,回想当年，每次回家都期待着张燮林让对方难忘今削的虐菜时刻。,,被虐到难以忘怀,,,7/27/2021
国足,,fahygaoyf,中国国家男子足球队的简称，因水平弱经常输比赛常年在网络上被网友造梗抨击。,出自网友对中国足球队长期低迷不振的调侃。,体育,“如果你这乒乓球打不过缅甸，那你连国足都不如！”,,恨铁不成钢的国家足球队,,,8/21/2021
你打球好像蔡徐坤,,fahygaoyf,篮球爱好者之间的讽刺用语。意指对方不仅球技差劲，还装模作样。,出自2019年蔡徐坤在参加选秀比赛中，边唱《只因你太美》这首歌边尴尬的进行篮球舞蹈，被网友看出不会打篮球。从此“你打球好像蔡徐坤”被用来形容别人打球很菜。,体育,新时代新垃圾话：你打球好像蔡徐坤,,你打球太蔡（菜）了,,,8/20/2021
荣誉之战,,fahygaoyf,指体育竞技中为了国家荣耀或者自身荣耀而参与的比赛。,不明,体育,又到了一年一度的国足荣耀之战，我们要不要去酒吧为对手助助力,,中国男足永远在踢的一种比赛,,,8/21/2021
饮水机管理员,,fahygaoyf,本意是形容在足球赛场上无法上场的边缘、板凳人物，多形容无用武之地的人。现在一般代指球类赛事中的替补球员。,出自传统球类运动（例如篮球足球）爱好者创造出来的，但经传播后已经成为电竞圈、娱乐圈甚至日常生活中的常用语，通用地形容”因为各种原因而沦落为只能打下手干后勤工作的正式成员“。,体育,当雷阿伦在热火成为饮水机管理员的时候，我就已经知道我的青春没有了。,,板凳球员,,,8/24/2021
姚头叹琦,,fahygaoyf,“摇头叹息”的谐音梗，指姚明在男篮世界杯对周琦的糟糕表现非常失望。,出自2019年9月2日男篮世界杯，中国队对战波兰队时，周琦因多次出现致命错误，致使中国队以76:79遗憾输掉比赛。比赛上，周琦的糟糕表现让中国篮球协会主席姚明很是无奈，被网友调侃为“姚头叹琦”。,体育,明年男篮比赛继续上演姚头叹琦，大家不见不散～,,姚明对周琦失望,,,8/20/2021
打铁,,fahygaoyf,指篮球投篮没中，因球未进时砸在篮筐上的声音像极了“打铁”。,出自中央电视台直播NBA的时候直播员首先说出来的，如今已经成为篮球里专用的名词。,体育,成也科比，败也科比，他那个打铁是真的铁匠级别。,,科比的绝活,,,8/19/2021
坐板凳,,fahygaoyf,指一些球员没有上场机会，全场比赛只能坐冷板凳。 ,不明,体育,林书豪坐板凳做出总冠军戒指，请问还有谁,,替补球员,,,8/14/2021
内马尔滚,,fahygaoyf,指的是球星内马尔被滑铲后连续翻滚的奇葩行为。,出自2018年6月28日，在巴西对阵塞尔维亚的比赛中，内马尔遭遇凶残飞铲。在被放铲后，内马尔连续翻滚3周半，该动作被网友恶搞。,体育,内马尔滚，案发现场：https://www.bilibili.com/video/av26042693/,,我就滚的越远越好,,,8/20/2021
死亡之组,,fahygaoyf,形容多支实力最强的队伍经抽签编入同一组别，通常指足球方面的大型体育竞赛。,出自在1986年国际足联世界杯开始时，当时被编入E组的乌拉圭，主教练波拉斯将该组形容为“死亡之组”，因为该组的其他对手为丹麦、西德及苏格兰，虽然E组四支球队实力并非相当接近，但该组是当届世界杯小组赛阶段唯一一组全部球队来自欧洲及南美洲，而一向被誉为实力最强的足球队均来自这两大洲。,体育,02年小组：荷兰、意大利、智利、中国是真正的死亡之组，已经死亡的一组。,,02年世界杯中国所在分组,,,8/25/2021
鸟叔,,fahygaoyf,指NBA球星拉里·伯德（Larry Bird）,出自粉丝对其姓式的延伸，因“Bird”在英语中为鸟的意思，粉丝就引申此意，亲切地称呼他为“大鸟伯德”、“鸟叔”等。,体育,鸟叔如果如今还在球场上，那应该是库里唯一的对手,,凯尔特人球星大鸟伯德,（多义）,,8/24/2021
全完蛋了,,fahygaoyf,特指C罗对2021年金球奖的展望。,出自2021年贴吧某知名C罗球迷发言：“阿根廷如果真拿美洲杯，煤球（梅西）金球奖就十拿九稳了，到时候咱们就全完蛋了”。 ‌​​​​‌​​‌‌​‌‌​​​‌​​‌‌‌而几天后阿根廷顺利捧得美洲杯，该球迷一语成谶，一句“全完蛋了”被封为仲夏典中典，引起众人传唱。,体育,“阿根廷如果真拿美洲杯，煤球（梅西）金球奖就十拿九稳了，到时候咱们就全完蛋了。”,"https://i11.hoopchina.com.cn/hupuapp/bbs/111111/thread_111111_20210712203727_s_28179_o_w_464_h_238_72130.jpg?x-oss-process=image/resize,w_800/format,webp",C罗：我恨,,,8/24/2021
终点一跪,,fahygaoyf,指F1赛车手中岛一贵在比赛中即将到达终点时出现意外导致落败。,出自2016年丰田WEC车队车手中岛一贵于WEC勒芒24小时，他所在的TS050车组在领先全场的状况下故障停车，导致丰田痛失冠军。,体育,终点一跪，案发现场：https://www.bilibili.com/s/video/BV1N441157JW,,中岛一贵：🧎‍♂️,,,8/25/2021
乒乓球外交,,fahygaoyf,指以乒乓球运动推动20世纪70年代中美外交关系的发展。,出自1971年期间中华人民共和国与美国两国乒乓球队互访的一系列事件。,体育,以后凡是有篮球队来挑战我们，我们就给他们来个乒乓球外交,,以乒乓球推动外交,,,8/23/2021
因吹思停,,fahygaoyf,“interesting”的谐音，特指21年中国乒乓球员许昕在发球前想吹口气但是思考了一下后忍着没吹的动作。,出自网友对2021年东京奥运会乒乓球混合双打决赛上许昕一小动作的评价。因为发球前吹口气以及调整状态时摸下桌子是乒乓球队员们的习惯性动作，但此次东京奥运会受疫情影响不允许球员有此类动作，所以许昕在比赛中便有了这种“欲言又止”的吹球行为。,体育,虽然我们输给了日本队，但许昕因吹思停好样的！,,想了下还是没吹,,,8/24/2021
让球,,fahygaoyf,指为了让原本两个实力悬殊的对手水平拉到同一水平，让实力弱的球队额外加几分，从而保证各自拥有接近1:1的对抗实力。,"出自足球博彩专业术语，就是如果两个队实力悬殊，那么实力较强的一方不光要赢，还要达到一定数量的进球数。有以下几种情况：
平手(0) 双方平开，双方获胜的几率一样
让半球(0.5) 让球方打平或者输球买它的全输，赢一个全赢
让一球(1) 让球方输、平全输，赢一个球算平，赢两球全赢
让一球半(1.5) 让球方输、平、赢一个全输，赢两个球全赢
让两球(2) 让球方赢两个球算平，赢三个球全赢",体育,没有懂让球的逻辑的话，你是搞不清赌球的盘口的,,平均双方实力,,,8/25/2021
灰色是不想说，蓝色是张继科,,fahygaoyf,原本是歌曲“听海”的一句歌词，这句话来开玩笑般地形容张继科。,出自张继科粉丝创造的话题。因为乒乓球球星张继科爱穿小蓝鞋，粉丝们就把张继科的名字换了进去。,体育,灰色是不想说，蓝色是张继科；小张的每一天要么没睡醒，要么很快乐。,,张继科和他的蓝色风火轮,,,7/27/2021
一定要醒醒啊,,fahygaoyf,是乒乓球教练刘国梁对张继科比赛时候说的一句话。,,体育,一定要醒醒啊，案发现场：https://www.douyin.com/video/6958746592912379170,,大魔王没睡醒,,,8/21/2021
水花兄弟,,fahygaoyf,指NBA金州勇士队的斯蒂芬·库里和克莱·汤普森，由于二人极其出色的三分球技术，而球空心入网时发出的声音就像水花一样，因此被叫做水花兄弟。,出自2012年勇士队网站的作者Witt提出的“Splash Brothers”。12年12月12日在勇士和夏洛特山猫的比赛中，库里和汤普森半场得到25分，其中包括7个三分球，于是Witt以“水花兄弟（Splash Brothers）”为话题进行了更新。随后，二人的绰号便被中外球迷熟知。,体育,水花兄弟是勇士队的魂,,库里和汤普森,,,8/20/2021
林李大战,,fahygaoyf,即羽毛球中国选手林丹和马来西亚选手李宗伟的对决。,出自羽毛球球迷对这两位出色的羽毛球运动员的描写。因为林丹和李宗伟年龄相仿，职业生涯重合，同时两人又都非常优秀（林丹略沾上风），所以几乎每次比赛的决赛时刻都是二人在争夺冠军，据不完全统计已有40次。,体育,回想当年小时候，每天回到家吃晚饭都在电视机前等待着一年一度的林李大战,,既生瑜何生亮,,,8/21/2021
最已阵,,fahygaoyf,“最强之人已在阵中”的缩写形式，通常在球迷自嘲主队没钱买球星时使用。,出自阿森纳足球俱乐部传奇主教练阿尔塞纳·温格教授。每当记者问到为什么不引援时，温格教授的回答往往是“最强之人已在阵中”。久而久之，最已阵成为了枪迷自嘲的惯用词。。,体育,阿森纳就温差签和最已阵而言，真的配得上足坛四大苦,,没钱买人,,,8/24/2021
上树,,fahygaoyf,指足球里一旦哪个球员有可能转会去一个球队，该球队球迷就将等待球员加盟的行为称之为“上树”。,"出自2013年夏天阿森纳曾接近签下伊瓜因，阿森纳球迷们为这桩交易欣喜若狂，但最终伊瓜因却加盟了意甲劲旅那不勒斯。一阿森纳球迷编了一个在树上等伊瓜因加盟的故事而走红。因此“上树”一次就有了如今的意思。故事如下：
昨天告诉我妈阿森纳48小时要买大牌（伊瓜因），消息可靠，已经在体检中，我妈二话没说把5年的老母猪杀了，招呼村长通知乡亲门来我家吃饭，老爸和我们兄弟几个立刻忙活着整几十个杀猪菜，妹妹们拧着酒壶搭着村口的摩托车就去镇上买酒了，回来还把祖宗的灵牌擦了擦点炷香贡上，感谢他们终于显灵了，一家人激动的忙活到晚上1点才睡。
今天早上又起了个大清早开始忙活着炒菜摆桌子，好几个乡亲们早早的拧着鞭炮就来了，坐着和我爸抽着烟，感叹今年董事会的形势好，让大家都过上了有盼头的日子，今天一定得好好整几壶，说着老爸就把家里八年前埋的准备夺冠的老酒挖出来整了一小杯，还说反正就是今年了，早喝不碍事。
一到中午乡亲们都到得差不多了，菜也都上了，可乡亲们偏要等官网宣布消息才动筷子，让我赶快去查查。于是村长摸出了全村唯一的一台ktouch交给我，我激动的点点头，立刻爬上院子里的那棵老槐树，刷了半个小时可算是进贴吧了，爹在下面吼着问咋样啊，我赶紧看了看，我操，什么动静都没有啊！！
尼玛乡亲们一听一窝蜂全跑出来了。最激动的是我娘啊，先去厨房拿了擀面杖才冲过来，说让我下去弄死我！
谁特么告诉我48小时是怎么回事啊！我特么现在还在树上呢！！",体育,我红魔什么时候能有一位明日之星上树呢,,阿森纳的老梗,,,8/20/2021
足坛四大苦,,fahygaoyf,指的是足球中四个所指代的人或球队都是长期低迷，郁郁不得志，得不到上场机会和高光时刻，被网友吐槽为“足坛四大苦”。,不明,体育,足坛四大苦如今随着时间的变化终于要被破了，而这又带走多少人的青春了呢？,https://bbs.hupu.com/40122711_42640008002209.html,罗马的队副，布冯的替补，阿森纳和利物浦。,,,8/19/2021
上帝之手,,fahygaoyf,特指阿根廷足球传奇马拉多纳（Maradona）的一个身份标签。在世界杯上马拉多纳用手将球打进，且被裁判误判有效的一球。,出自1986年的墨西哥世界杯，在1/4决赛阿根廷对阵英格兰的比赛上，因为个子不够高，马拉多纳在一次抢顶头球的时候，很隐蔽地用手把球打进了，并且裁判判定进球有效，这就是著名的“上帝之手”事件。后带领阿根廷取得冠军，而此事件也一举成名令粉丝们津津乐道。,体育,上帝是有多眷恋这位足球奇才才只允许他可以拥有上帝之手。,,马拉多纳手球事件,,,8/14/2021
58分,,fahygaoyf,指的是NBA球星保罗（Chris Paul）在黄蜂队时期的一场季后赛输掉了58分，创建了NBA季后赛历史上最大的分差。,出自2009年NBA季后赛西部首轮第四场，当时主场作战的黄蜂被对手掘金狂屠58 分，创下了季后赛最大单场分差纪录。 而这场比赛，也成为当时黄蜂队核心（克里斯-保罗）生涯中最耻辱的瞬间（没有之一）。,体育,湖人才输几分啊，别急，要知道有58分在那扛着呢,,保罗的耻辱,,,8/20/2021
打不过就加入,,fahygaoyf,指的是体育竞技中，有些球员打不过对手，就加入对方的团队。,出自2016年NBA球迷对杜兰特加入击败自己的队伍（勇士队）事件的评价。在其带领的雷霆队在3-1的领先优势下，被勇士在季后赛击败，结果他果断选择加入了勇士队并夺得了冠军。球迷从而嘲讽杜兰特是“打不过就加入”。,体育,杜兰特完美诠释了打不过就加入的🐍蛇皮操作,,变向获得胜利,,,8/25/2021
窝法乙烷,,fahygaoyf,“我法已完”的谐音。,世界一级梅赛德斯方程式锦标赛中法拉利车队总能用各种操作输掉比赛，让法拉利球迷感叹“窝法乙烷”。,体育,赛程过半窝法乙烷:/,,搞笑拖拉机底蕴车队,,,8/24/2021
乔帮主,,fahygaoyf,指NBA巨星迈克尔乔丹的别称。,出自乔丹球迷对乔丹的尊称。,体育,乔帮主的公牛队是多少80后的童年。,,Michael Jordan,,,8/24/2021
一周让日本人学会义勇军进行曲,,fahygaoyf,指中国在东京奥运会四天内连续夺冠，导致日本人学会了颁奖时所放的义勇军进行曲。,不明,体育,虽然东京奥运会没有那么令人期待，不过一周让日本人学会义勇军进行曲还是挺好的,,中国队的东京奥运会主场秀,,,8/25/2021
林皇,,fahygaoyf,指英格兰当红国脚，林加德。,出自虎扑社区的“足球话题区”，因为林加德后来在西汉姆的出色表现与之前表现截然不同，成为虎扑足球区讨论的热门话题，甚至虎扑社区的足球话题区在4月12日凌晨发出了官方公告，将“足球话题区”更名为“林皇话题区”。,体育,林皇自从离开曼联，真的脱开换骨重燃旧梦。,,你的林皇，无限猖狂,,,8/23/2021
阴间开幕式,,fahygaoyf,指的是2021年的东京奥运会，因为其中充实着意义不明且配乐阴森的舞蹈，经费不足的观感，还有形状各异但代表了日本文化的服饰，令观众倍感不适和不解。随之，众多网友便在网上纷纷吐槽，调侃其为“阴间开幕式”、“开墓式”等。,不明,体育,东京这阴间开幕式和08年北京奥运会开幕式相比，简直是买家秀和卖家秀啊,,开墓式,*加图,,8/24/2021
功夫足球,,fahygaoyf,指一种另类的足球战术，通过故意制造人身伤害来踢球。,出自香港制作的同名电视连续剧《功夫足球》，其中各个选手都身怀18般武艺，将武术和足球结合。,体育,韩国队的天赋-功夫足球。,,主要踢人，偶尔踢球,,,8/25/2021
黑曼巴,,fahygaoyf,指NBA球星科比的别称，其在篮球场冷血的表现以及永不放弃的精神，被人们称为“Black Mamba”（黑曼巴）蛇一样的冷面杀手。科比精神也被称为“曼巴精神”。,"出自科比在看到“Kill Bill""这部电影里的黑曼巴蛇后，给自己取的一个别名，意味着自己也想在球场上成为像曼巴蛇一样的冷面杀手。 ",体育,如果有机会再看黑曼巴打球那该有多好啊,,科比,,,7/27/2021
垃圾话,,fahygaoyf,指体育竞技比赛中向对手挑衅的话，从而影响对手心态和发挥。,不明,体育,在野球场打了半年篮球，技巧没学会，愣是学会了垃圾话,,另类比赛战术,,,8/21/2021
神州五号,,eric99,中国载人航天工程发射的第五艘飞船，是首次载人飞行任务。,出自神舟飞船的使命，在中国载人航天工程的第一和第二步用于验证各项相关技术，包括宇航员安全往返地球轨道，太空行走（EVA），飞船的交会和对接等。,数码,还记得小时候神五杨利伟下飞行舱的时候，觉得全世界都是他的,,神五yyds,,,8/20/2021
不自量力,,eric99,“不要自学量子力学“的缩写。因为量子力学的理论性和抽象性，往往让人难以理解。著名物理学家费恩曼甚至说过，没有人真正懂量子力学。,不明,数码,"《不自量力》
遇事不决，量子力学。
解释不通，穿越时空。
篇幅不够，平行宇宙。
定律不足，高维人族。",,不要自学量子力学,,,8/21/2021
数字难民,,eric99,指那些因为经济、社会、文化等原因更远离数字文化的群体。,"出自于2001年马克·普伦斯基（Marc Prensky）发表的文章《Digital Natives, Digital Immigrants》。 其中描写“数字原住民（Digital native）”来体现从小就曝光在各式科技产品的环境下，后延伸用词“数字难民”，指的是与卢德份子一样拒绝学习使用数字产品的族群。",数码,外婆虽然是数字难民，但是仍然怀念小时候跟她在一起的时候，很幸福,,数字土著,,,8/24/2021
晕猴,,eric99,指看到一些上蹿下跳、非常可笑的网友，会让自己感觉不舒服。‌‌‌‌‌‌‌‌‌‌‌‌,出自画家乌合麒麟在网络上转载了一篇提到“专家受访时称：国产14nm芯片明年底可以实现量产”的新闻。他转发时评论：“封锁着封锁着我们什么都有了。“被网友喷根本不懂芯片。针对这篇新闻以及他的转发，很多博主表示乌合麒麟根本不懂芯片，国产14nm芯片明年底量产是根本不可能的事情，他这是在意淫强国，在阻碍国产芯片的发展。同时很多手机品牌的粉丝也因此在评论区争吵哪个手机品牌更好等。乌合后发言道歉，说自己“晕猴”了。,数码,"特征是喜欢喊不买华为不爱国，买华为交智商税等等。
一看到此类生物就自发的感到嫌弃，俗称晕猴",,乱站队盲目的科技发烧友,,,8/20/2021
破壁少年,,eric99,清华大学在今年6月2日发布的官方招生宣传片的名字。‌‌‌‌‌‌‌‌‌‌‌‌,出自清华大学真实事件改编，讲述了清华大学学生超算团队参加比赛，结果在比赛中有一台电脑死机了，但他们还是想到办法拿下比赛的故事。,数码,破壁少年虽然演技一般，但却是多少人的梦想片段啊,,清华的宣传励志片,,,8/19/2021
爬虫,,eric99,又称为网页蜘蛛，网络机器人。在FOAF社区中间，更经常的称为网页追逐者，是一种按照一定的规则，自动地抓取万维网信息的程序或者脚本，另外一些不常使用的名字还有蚂蚁、自动索引、模拟程序或者蠕虫。,不明,数码,如今年轻人不是会点python就说自己是“爬虫”大师,,自动索引程序,,,8/14/2021
狗币,,eric99,Dogecoin，有人称作“狗狗币/狗币”；作为全世界第二大流通虚拟货币，被央视列为资金传销组织。,出自2013年一位澳大利亚的品牌与市场营销专家，一位美国俄勒冈州波特兰市的程序员，这两个人此前素昧平生，却成功地将最火爆的两种产品——比特币和狗狗 （Doge，对美国人而言Doge就跟土豪在中国的流行程度类似）结合在了一起，所以Dogecoin就诞生了。,数码,虚拟货币中样子最憨的狗狗币你不可以不知道,,Dogecoin,,,8/20/2021
不是对你没感觉,,eric99,指的是只要你有钱，就会有人爱你。,出自汽车圈非常火的一句顺口溜，“不是对你没感觉，是你没开保时捷。”,数码,不是对你没感觉，是你没开保时捷,,"相信我只要你有钱,就会有人爱你（的钱）。",,,8/25/2021
口罩人脸识别,,eric99,戴口罩都可以进行人脸确认的技术。,出自武汉大学通过深度学习等技术开发的口罩人脸识别技术。,数码,哪家手机品牌要先有口罩人脸识别，那就掌握了20年的财富密码,,高科技吓人的技术,,,8/24/2021
无人出租车,,eric99,基于自动驾驶技术，并能提供出租服务的车辆。,出自最早于2021年3月，无人驾驶公司轻舟智航宣布采用“高峰微循环+平峰网约”的运营模式，解决传统公交在平峰期空载率高的问题，打破无人小巴与无人出租车的边界。,数码,无人出租车不是未来，还有什么可以称其为未来？,,没人开的的士,,,8/24/2021
虚拟人,,eric99,通过数字技术模拟真实的人体器官而合成的三维模型。这种模型不仅具有人体外形以及肝脏、心脏、肾脏等各个器官的外貌，而且具备各器官的新陈代谢机能，能较为真实地显示出人体的正常生理状态和出现的各种变化。,不明,数码,虚拟人无图无真相：http://image.woshipm.com/wp-files/2020/10/QJyuR8vnjP0nPUuCQiVI.jpeg,,模拟假人,,,8/25/2021
脑机接口,,eric99,指Brain Machine Interface：研究如何用神经信号与外部机械直接交互的技术。,不明,数码,马斯克的脑部接口设计：https://www.bbc.com/zhongwen/simp/science-53950354,,人人X教授,,,8/23/2021
数字身份,,eric99,真实身份信息（digital identity）浓缩为数字代码，形成可通过网络、相关设备等查询和识别的公共秘钥。,不明,数码,数字身份是为通往未来的开门砖,,非实体身份验证方式,,,8/24/2021
华强北,,eric99,指华强北商业区，广东省深圳市福田区生产电子、通讯、电器产品为主的工业区域，中国最大的电子市场。,不明,数码,如果华强北不说自己是苹果制造厂商，苹果都不敢说自己造过手机,,中国最大的电子市场,,,8/25/2021
8848,,eric99,指的是一款8848钛金手机，实为一款性价比极低的手机。但因广告不停炫耀其定位高端，和成功人士的使用，现被网友用来调侃华而不实的产品。,出自 2015年7月份的时候发布了首款钛金8848手机，由王石代言，意在为中国财富阶层量身定制。                              ,数码,有一部8848钛金手机是什么感觉？？,,“成功人士”用的手机,,,7/27/2021
BUG,,eric99,程序错误（英語：Bug），是程序设计中的术语，是指在软件运行中因为程序本身有错误而造成的功能不正常、死机、数据丢失、非正常中断等现象。 ,出自1945年美国海军的编程员，编译器的发明者格蕾斯·哈珀（GraceHopper）发现的。 哈珀后来成了美国海军的一个将军，领导了著名计算机语言Cobol的开发。,数码,这个BUG找了我一天,,程序猿最痛恨的东西,,,8/21/2021
无人驾驶,,eric99,让汽车自己拥有环境感知、路径规划并自主实现车辆控制的技术。,出自2007年「无人驾驶教父」塞巴斯蒂安·特龙（Sebastian Thrun）加盟Google开始研究生产无人驾驶汽车。,数码,无人驾驶20年后一定会是常态,,自动驾驶汽车,,,8/20/2021
格子衫,,eric99,一般指代程序员。因为IT界很多程序员爱穿格子衬衫，网友就逐渐将格子衬衫打上了程序员的标签。,不明,数码,我不是格子衫好吗？我只是爱穿格子衫的乔不死,,程序猿的标配穿搭,,,8/21/2021
感知不强,,eric99,小米的LPDDR5对比LPDDR4X所作出的提升，用户在使用时几乎感觉不到。,出自2020年小米10系列全系标配LPDDR5发布后，长安数码君的博主对小米（手机品牌）最新搭配的LPDDR5内存芯片的评价。 但这个博主发出的测评文章称：用户感知方面不强，意思是：这种提升用户在使用时几乎感觉不到。,数码,小米再这样出感知不强的产品就可以新加绰号为“牙膏厂”了,https://www.zhihu.com/question/374751005 ,新版使用无明显差别,,,8/24/2021
徒增功耗,,eric99,是说手机花里胡哨的没什么大用，还浪费功耗。,出自2020年小米10发布后，万能的大熊（荣耀副总裁熊军民）发微博说90HZ跟60HZ使用没有区别，90Hz刷新率徒增功耗罢了。,数码,但凡现在手机徒增功耗一律别买,,花里胡哨,,,8/20/2021
方向错了,,eric99,为小米CC9 PRO封顶DXO榜后，荣耀副总裁熊军民（大熊）对小米旗下的CC9 Pro机型搭载的一亿像素的评价。‌‌,出自微博2019年荣耀副总裁熊军民在微博上对小米产品的评价。引用之前小米总裁雷军说的一句话：“像素不是越高越好，镜头不是越多越好”，并说小米：“数字不等于体验。体验好才是真的好，方向跑错了，跑的越快越是灾难。”,数码,小米凡是夸张自己的像素，真的就是方向错了,,大熊出击,,,8/19/2021
刀锐奶化,,eric99,"“刀锐”一来夸你对焦准，二来说你镜头好。但是实际情况往往是说你焦锐和对焦以及镜头是没什么关系的。“奶化”这就是夸器材了，说你的虚化效果好。这样形容就是对你的摄影技术夸无可夸的时候的一种搪塞，无实际意义。
",出自相机圈对狂妄自大的满处秀烂片的人的讽刺。,数码,朋友你这些照片真的刀锐奶化，毒德大学的吧,,毒德大学，刀锐奶化,,,8/14/2021
嫦娥,,eric99,指的是国家航天局组织实施研制，月面取样返回的月球探测器名字。,出自中国上古神话中的仙女，“嫦娥奔月”神话源自古人对星辰的崇拜，嫦娥故事最早出现在《归藏》。,数码,期待嫦娥六号的表现！,,中国探月工程,,,8/20/2021
毒德大学,,eric99,意指讽刺摄影圈常见无脑吹捧发帖人的套路回复，看到什么作品都机械式的回复这句话。,该词具有一系列来源。毒——源自国外摄影论坛常见评价”addictive“  一个毒字形象而又洋气的赞叹了作品之美令人沉醉；德——即德味儿 德国镜头如莱卡蔡司施耐德等等因其成像色调独具特色而备受追捧 又因其价格坑爹而令人望而却步 用德字评价摄影作品 用以说明该作品兼职突破了普通器材的限制 是摄影师技术与审美达到一定高度才能做到的；大——即大师 能做到 毒 德 两点 怎能不让人由衷钦佩 高山仰止 唯大师二字当得；学——即学习了 大师放出如此德味儿的毒图 于普通人是一次美的馈赠 于摄影人则是一次生动的教育 所以不管看得懂看不懂 都要说一声“学习了”来表现自己对摄影之道的敬畏之心。,数码,什么镜头拍的？毒！德味！大师！学习了！,,摄影届的“最高评价”,,,8/25/2021
大光腚,,eric99,大光圈定（腚）焦镜头的简称。,不明,数码,大光腚用来拍照的好吧，不要想歪,,大光圈定焦镜头,,,8/24/2021
老法师,,eric99,指那些上了年纪的老人家退休后爱上了摄影，因为刚接触摄影水平还不高，但是器材又非常专业。,不明,数码,老法师老baby,,有钱但技术平庸的老年摄影爱好者,,,8/24/2021
牙膏场,,eric99,指的是进步不大的intel。四代到七代的话进步很小；说是进步三代，实际五代是试水核显的东西，六代也是四代马甲，七代才有一些提升。,不明,数码,英特尔这八代牙膏厂名不虚传,,Intel,,,8/25/2021
鞋场,,eric99,尼康的别称，因为nikon和nike十分相似。,"出自电影《疯狂的石头》。包世宏拿着厂长儿子的尼康镜头盖看了半天，自言自语的说了一句：“耐克,还真的出照相机了。”",数码,尼康一日不改图标，一生终为鞋厂,,尼康,,,8/23/2021
油漆厂,,eric99,相机品牌宾得（PENTAX）因为颜色太花而获得的别称。,出自相机圈内人对宾得的评价。因为宾得的机身五颜六色，实在是夺人眼目。,数码,油漆厂有图有真相：https://pic3.zhimg.com/80/v2-fa682ea7daed4795772972e83ea9d502_1440w.jpg,,宾得相机,,,8/24/2021
索尼大法,,eric99,形容索尼那些令人叹服的黑科技。,出自PS4发布时，现场由巫女进行拆封仪式，粉丝们集体膜拜，看起来像作法现场，于是就有了“索尼大法”的说法。,数码,索尼大法好，今天没破产，记得充信仰！,,索尼魔力无法无边,,,8/25/2021
灭门,,eric99,指的是不用这个品牌的所有东西，把东西都出掉了。,,数码,多少朋友是最早玩的是尼康相机，后来灭门了尼康，去了索尼 /狗头,,灭门所有该品牌的家当,,,7/27/2021
出佳为尼,,eric99,先有索尼后有天，秒天秒地秒神仙，出佳为尼保平安。“为尼”指的是索尼。,不明,数码,一日进BAT，出佳为尼不是梦,,出佳能，转尼康,,,8/21/2021
腹肌南波湾,,eric99,“fuji No.1”的英文空耳，指的是富士相机（腹肌）直出最强。,出自百度贴吧微单吧，腹肌就是指富士相机，南波湾就是英语No.1的意思，连在一起就是富士相机第一的意思，因为富士相机品质很好，在微单爱好者中很受好评，所以就诞生了这个梗。,数码,腹肌南波湾，旗舰没破万,,富士相机yyds,,,8/20/2021
底大一级压死人,,eric99,指的是当成像介质面积大的时候，其画质（信噪比）较面积小的成像介质优越。其中，‘底’指的是成像介质的大小。,不明,数码,底大一级压死人，面对M43以上画幅相机手机只能跪着,,手机比不上相机的真正缘由,,,8/21/2021
健身马,,eric99,指的是镜头大厂适马，因其镜头比哑铃还重，被网友称作““健身马”。,不明,数码,每次使用健身马的时候都觉得自己比男朋友强大一万倍,,适马牌杠铃,,,8/24/2021
紫龙王,,eric99,指的是镜头大厂腾龙，因为其光圈全开时紫边特别严重，被网友称作“紫龙王”。,不明,数码,有比紫龙王更紫的存在吗,,腾龙,,,8/20/2021
糖水片,,eric99,用来讽刺甜美的人像却没内涵的作品。,出自微博用户Royal（又称卤鸭，原新浪摄影论坛版主）在江湖绝色里发明的词，当时是指“风光片”。后来专门指甜美的人像片，也就是外观漂亮，没有哲学味道的照片。,数码,现在是个人都可以照出糖水片,,没内涵的照片,,,8/19/2021
人像三要素,,eric99,传统的人像三要素是颜色的搭配，构图、用光的角度，但做梗时指：妹子漂亮！妹子漂亮！妹子漂亮！,不明,数码,我摄影技术一流的，只要你具备人像三要素，剩下的看我发挥,,长相还是关键,,,8/14/2021
50包邮,,eric99,当玩家自己DIY导致硬件报废等情况下，会用“50包邮”来调侃对方，看看能不能捡个漏。,,数码,50包邮解君愁,,对方翻车了，看看能不能捡漏,,,8/20/2021
摄影穷三代，单反毁一生,,eric99,用来调侃买摄影器材好费钱，尤其是单反相关的产品。,不明,数码,每当别人邀请我出去喝酒的时候，我总会向他们提一句“摄影穷三代，单反毁一生”。,,摄影器材烧钱,,,8/25/2021
宽容度,,eric99,原指的是胶片所能正确容纳的景物亮度反差的范围，现在一般指的是感光元件对光差的承受范围。,不明,数码,胶片时代的宽容度也组建成为了现代社会感光元件的追求标准。,,高反差下相机能采集的细节,,,8/24/2021
mavic机器人,,eric99,因为大疆创新的无人飞机奇特的形态，所以网络上有通过改变该无人机的形态并配上文字来创造的梗图。,出自网络上摄影圈分享平台，摄影爱好者都喜欢摆弄无人机的形态来排出更好的照片。后逐渐火遍所有摄影圈内人。,数码,巨mavic机器人：https://pic3.zhimg.com/80/v2-093edf462ee5dd5f3ddc7d1d61a22ed1_1440w.jpg,,新的手办,,,8/24/2021
大炮,,eric99,指的是一种长焦镜头的戏称，通常新闻记者体育记者比较常用。,不明,数码,新闻招待会的那种大炮一个抵得上正常大学的四年学费钱。,,长焦镜头,,,8/25/2021
打鸟,,eric99,指在很远的地方用长焦镜头拍摄鸟类，远 看像是在用枪“打鸟”。,不明,数码,每次去也野外露营，我爸第一件事要做的就是早期打鸟。,,用长焦镜头拍鸟,,,8/23/2021
摄影是“用光”的技术,,eric99,一语双关，指摄影时光线掌控的技巧和以为庞大开销把钱“用光“的技巧。,不明,数码,摄影的确是“用光”的技术，我刚刚发的工资两个镜头就没了,,摄影要用光线也用钱,,,8/24/2021
60D,,eric99,指的是不懂摄影的妹子都会有听说的机型，因此称为“把妹神器”。,"出自百度贴吧单反吧一名摄影师和一个妹子的约拍聊天记录，影师表示自己器材是尼康D750 D810，而妹子回答了一句：""我听说佳能拍的比较好看一点，60D你知道么？” 因为凡是懂摄影的人士都清楚尼康这两款和佳能的差距，所以这个问题非常的具有外行人的槽点，后受摄影界爱好者疯传。",数码,有了60D，你还怕约不到妹子么？,https://imgsa.baidu.com/forum/w%3D580/sign=476af7d3307adab43dd01b4bbbd5b36b/be9d18f790529822cd7d7d38d1ca7bcb0b46d43a.jpg,约妹神器,,,8/25/2021
牛头,,eric99,指价格高、画质强的镜头。,不明,数码,我的毕生梦想就是买一个佳能牛头200mm/F2.0,,X圈镜头,,,7/27/2021
学摄影可以找女朋友,,eric99,很多人以为学摄影可以泡到女朋友， 但结果女生只为了拍照片给她男朋友看。,,数码,亲朋好友都以为我学摄影可以找女票，可没想到5年后大多数约我的都是婚纱照,https://pica.zhimg.com/v2-aeef7f66d9d75ee357f944c377a954f4_r.jpg?source=1940ef5c,能找到才怪,,,8/21/2021
狗头,,eric99,指价格低、做工差的镜头。,不明,数码,讲个笑话：花了牛头的钱买到了狗头红圈,,低档镜头,,,8/20/2021
神兽,,eric99,指孩子很金贵，爱捣乱，很活泼但又难以对付。有苦涩的嘲讽性质。,不明,其他,哎呀！我们家孩子天天到处搞破坏，跟个神兽似的！,,孩子小学一年级的时候,,,8/21/2021
懂王,,eric99,指美国前总统特朗普。,出自网民对美国前总统特朗普做事的评价，因为自其上台以来，口无遮拦，全知全能过度自信，经常对很多领域表示“非常了解”，经典的句式是“没有人比我更懂XXX”。于是网友经常被川建国的睿智发言逗乐，加上其在执政中表现出来的专横就如古代的国王，于是送其称号“懂王”。,其他,懂王句式：“没有人比我更懂评论”,,唐纳德·懂·特朗普,,,8/24/2021
尾款人,,eric99,指付完定金还需支付尾款的人，多用来比作对双十一期间付完定金的人的一种调侃。,出自电商平台的预售活动，很多产品需要付定金方能享受优惠，先付定金再付尾款，且如果后期不补尾款，定金也不退。,其他,打工人的内核是苦中作乐，那尾款人就是买中带泪。,,一直要还钱的人,,,8/20/2021
位面之子,,fahygaoyf,运气爆棚的意思的意思。一般网络小说中的男女主角就可以说是小说世界所在位面的位面之子，简单而言就是，在主角所属空间中运气爆棚，怎么着都死不了，什么好事都会轮到他的一个角色。,不明,其他,,,,天选之子,,8/19/2021
工具人,,eric99,泛指某人在不知情，或心甘情愿的情况下，对他人进行帮助，任劳任怨，随叫随到地付出，在情感，物质和经济上不求回报，一直像工具一样被对方使用或使唤。工具人被《青年文摘》评选为“2020十大网络热词”,不明,其他,工具人，工具魂，工具人都是人上人！,,当代职场社畜,,,8/14/2021
干饭人,,eric99,直译指奋力吃饭的人，形容努力的人。,出自方言梗，“干饭”一词本来是西南官话方言里的“吃饭”的意思，带点“一口干了（一口气吃完、喝完）”的豪爽感，又因为某博主，他吃饭视频的开篇都会说一句“干饭了 干饭了”而走红网络。,其他,早安，打工人！加油，干饭人！,,奋力吃饭对生活充满热情的人,,,8/20/2021
云监工,,eric99,通过网络（观看直播等方式）监督某项工作的网友。入选国家语言资源监测与研究中心发布的“2020年度十大网络用语”。,出自央视频等直播武汉开建的防治传染病医院火神山医院和雷神山医院的建设工地，网友们虽然不能到现场出把力，但也给自己加了一个身份：云监工，通过直播镜头去“监督”医院的建设进度。,其他,我这云监工也是996啊，别想多,,身在曹营心在汉,,,8/25/2021
上海名媛,,eric99,指的是一个都是拼单的名媛裙，通常形容虚荣心很高的一群人。,出自微博，一网友撰写了一篇名为《我潜伏上海“名媛”群，做了半个月的名媛观察者》的文章，中间曝光多名女性一起购买共用奢侈品或酒店套房，在网上引起极高的关注被网友疯转吐槽。,其他,上海名媛：LYS口红5个人用，每人a150，来吗？,,40人宝格丽酒店拼团,,,8/24/2021
红茶女生,,eric99,意思是指脸皮厚的女生。该词是绿茶女一词之后，经网友传播而走红网络，,不明,其他,红茶女生：喜欢一个人，在知道那个人有女朋友的情况下，会说出来让那个人和他女朋友都知道的女生。,,脸皮巨厚,,,8/24/2021
豪横,,eric99,指仗势欺人，强暴蛮横。,出自北京方言。,其他,你有什么可豪横的？,,比霸气还霸气 ,,,8/25/2021
茶艺,,eric99,指研究绿茶婊的艺术，研究绿茶如何化妆、发动态、甚至惯用的口吻等。‌,不明,其他,茶艺：小哥哥不要凶你女朋友啦，我现在被你抱着已经很舒服了～,,🍵,,,8/23/2021
可盐可甜,,eric99, “盐”是英俊霸气，“甜”是可爱软萌，所以该词的意思是既可以英俊霸气，也可以可爱软萌。,出自微博张艺兴的超话，他的粉丝经常用该梗来介绍，后来被更多的饭圈人士用来称赞爱豆。,其他,我家哥哥可盐可甜～,,霸气甜美并存 ,,,8/24/2021
老阴阳师了,,eric99,专指那些在网络上经常说话阴阳怪气，酸不拉唧，充满嘲讽意味的人。,不明,其他,一开口就知道是老阴阳师了,,说话阴阳怪气 ,,,8/25/2021
裂开,,eric99,形容心态炸了。,出自斗鱼直播CSGO主播冬瓜之口，因为他的昵称叫做“冬瓜”，所以经常在打游戏的时候调侃自己“裂开了”，粉丝随之调侃“冬瓜裂开=炸了“。后来被著名up主pdd使用，火爆网络。,其他,每天回家都堵2个小时的车，裂开！,,【微信裂开的表情】,,,7/27/2021
太可了,,eric99,表示某个人或者某件事特别符合自己的喜好，对其很喜欢。‌,不明,其他,哥哥太可了太可了，我可以！,,太爱了 ,,,8/21/2021
直呼内行,,eric99,用来调侃那些在某些专业的人士看来不专业的事情或行为。,出自标题党写手，他们经常给文章起《小伙一进店就XXX，老板直呼内行》一类标题，许多网友开始对其恶搞。,其他,去吃自助餐一定要多吃海鲜才能回本，小伙一进门抱着海带就啃，老板直呼内行。,,内行才怪,,,8/20/2021
耗子为之,,eric99,“好自为之”的谐音梗。比喻让某人自己看着办，用于劝诫他人的语境中。,出自马保国的一段短视频，讲述自己与年轻人比试时被打伤，“劝这位年轻人好自为之”，因其口音问题将“好自为之”说成“耗子尾汁”，后在网络上走红，衍生出了许多表情包。,其他,“年轻人不讲武德，你们耗子尾汁！“,,好自为之,,,8/21/2021
社死,,eric99,直意为“社会性死亡”，指当众表现或被揭露很糗的事情，程度可轻可重。,出自美国作家托马斯·林奇1997年创作的书《殡葬人手记》，书中有一段对死亡种类的描写，摘自原文：“死亡有多重意义。听诊器和脑电波仪测出的，叫‘肌体死亡’；以神经末端和分子的活动为基准确定的，叫‘代谢死亡’；最后是亲友和邻居所公知的死亡，‘社会性死亡’。”现在该梗词有借鉴且结合社会实情之意。,其他,小词的小孩因为没换尿不湿直接尿到地铁上：小词当场社死。,,社会性死亡,,,8/24/2021
用脚趾抠出三室一厅,,eric99,指尴尬地疯狂蜷缩脚趾，强度到用脚都在地上抓出了一套房的地基了。,不明,其他,这视频尬的我用脚趾抠出三室一厅。,,太尬了,,,8/20/2021
Duck不必,,eric99,“大可不必”的谐音梗。,出自微博。知名带货明星李佳琦在直播间售卖卤鸭，却被老板手滑在数量上多加了一个零，5万变50万份。随后李佳琦发微博回应：“duck不必。”因为使用方法滑稽，后被网友争先模仿，如“无fuck说”等。,其他,我们花这么多钱去看国足，Duck不必,,大可不必,,,8/19/2021
啥也不是,,eric99,指的调侃别人不要一天天的别老想些不切实际的东西。,出自抖音一位名为“是瀛不是赢是立方体”的用户。一般情况下他拍视频的时候会把手机放冰箱里，然后打开冰箱门，对着镜头用十分暴躁激昂的声音讲一些道理，最后总结永远都是一句“啥也不是，散会。”然后关上冰箱门。因为行为奇葩引得网友转发，他的口头禅也随之被人熟知。,其他,别在这整的有的没的，你啥也不是,,东北人对生活的洞察,,,8/14/2021
小朋友，你是否有很多问号,,eric99,直译为“什么意思？”。一般用在你不懂到底是什么意思的时候，用此梗来表达。,出自周杰伦的《听妈妈的话》，原句为“小朋友 你是否有很多问号，为什么 别人在那看漫画，我却在学画画对着钢琴说话。”后来起初在B站上有人在看不懂视频或者其他弹幕什么意思时，引用这句话来形容心情，后来因为自带搞笑和乐感被大范围模仿和使用。,其他,场景：一男子每句话里都带有skr，路人脸：小朋友，你是否有很多问号？,,不懂就对了,,,8/20/2021
没有那种世俗的欲望,,eric99,指的是持续逃出世俗的眼光，无欲无求的人。,出自豆瓣的“糊弄组”，因为一网友看透了大家争先恐后的分享吃的美食、狗粮什么的，便使用这个梗来敷衍回复。后引起大量网友的共鸣，开始模仿使用。,其他,没有那种世俗的欲望原图：https://img9.doubanio.com/view/group_topic/l/public/p360658752.webp,,不问红尘，无欲无求,,,8/25/2021
王妃体,,eric99,特指的是描写王爷，王妃，宫廷一类的三流网文。,不明,其他,网文三大表象：穿越、王妃体、霸道总裁爱村姑,,低智网文,,,8/24/2021
正道的光,,eric99,用来讽刺有些正能量宣传没有意义且尴尬。,出自黄渤演唱的歌曲《正义之道》里的一句歌词，多被用正能量视频里做背景音乐，但由于这段音乐被滥用，传播广泛，被洗脑使用的人多了，意义也就千变万化。,其他,你这打假直播带货可真是正道的光,,”雷锋“,,,8/24/2021
财富密码,,eric99,指B站以及其他视频网站上，一些Up主通过“我患上了抑郁症”和“我被抄袭了”等看似正义实则作假的视频获得播放量和大量声援并赚的盆满钵满。,出自b站网友对乌烟瘴气的“B站看病”风气的吐槽，从2019年末到了2020年4，5月爆发起来，许多自打着是“身患绝症”、“身患抑郁症”等UP主为了骗取流量，来通过虚假信息造势。后来多数UP主被曝光为假，引得网络热议。,其他,请B站不要再随随便便就允许任何人图谋不轨来开启财富密码。,,用于讽刺通过欺骗行为来获取关注的视频。,,,8/25/2021
孔雀感冒,,fahygaoyf,指一种手势，用来表演“孔雀感冒”。,出自抖音，因为这个话题非常无厘头并且很难有人知道正在的孔雀感冒是什么样子的，所以就有网友用此当作噱头，通过简单手势比划。,其他,孔雀感冒案发现场：https://img.clinicmed.net/uploadimg/image/20210224/16141453146035e7229783e4.21961018.gif,,👌,,,8/23/2021
来吧展示,,eric99,指的是抖音上爆火的配乐歌词，很多主播将其加入介绍自己的变装视频。,出自一首名为《蓝色海黑色河》的喊麦曲目。​‌​‌​‌‌​‌​​​‌​‌​其中歌词为“来吧展示，心在跳爱在烧，蓝色海 黑色河，颠沛流离等孟婆。”因为歌曲气势和节奏比较吸引人，所以很多抖音用户都用来做背景音乐而让这句话走红。,其他,来吧展示案发现场：https://www.douyin.com/video/6830740268451466503,,抖音高颜值用户的变装歌曲,,,8/24/2021
黑人抬棺,,eric99,几个黑人跳着舞用欢快的形式举着棺材，送别亲人。,出自BBC发布的原版视频“加纳黑人棺葬舞蹈”视频，其中一支黑人棺葬舞蹈团队展示了在加纳的特有喜丧习俗。随后这个视频被添加了带感的BGM（《Astronomia》），在B站走红。,其他,黑人抬棺案发现场：https://zhuanlan.zhihu.com/p/89653416,,就喜庆地离谱,,,8/25/2021
把XXX打在公屏上,,eric99,一般用来号召大家将句子中涵盖的字打在弹幕上。,出自直播圈，主播药水哥经常对粉丝说的话：“兄弟萌，把保护打在公屏上”，然后他的直播间弹幕就会飘满“保护”二字。‌‌‌‌​​​‌​​​‌​‌‌​​‌后来，粉丝嗨友们开始用到其他视频平台上，引申成“把xx打在公屏上”的说法。,其他,兄弟们，把害怕打在公屏上！,,保护！,,,7/27/2021
双循环,,eric99,指国内大循环为主体、国内国际双循环相互促进的新发展格局。大循环是指坚定不移地扩大对外开放。其次强调以国内循环为主，使国内市场和国际市场更好联通，坚定不移统筹利用好两个市场、两种资源的开放发展路径没有变。,出自2020年5月14日，中共中央政治局常委会会议所提出的“深化供给侧结构性改革，充分发挥我国超大规模市场优势和内需潜力， 构建国内国际双循环相互促进的新发展格局”。入选《咬文嚼字》2020年度十大流行词。,其他,支持双循环，支持中国市场走向世界！,,国内国际双循环,,,8/21/2021
7458,,fahygaoyf,“气死我吧”的数字谐音梗。,不明,,7458，我这地铁三次都没挤上去！,,气死我吧,,,8/20/2021
光盘行动,,eric99,指的是网友带动大家珍惜粮食、吃光盘子中的食物；倡导厉行节约，反对铺张浪费的行为。,出自2013年网络上一群热心公益的人们，他们发起的光盘行动有以下宗旨：餐厅不多点、食堂不多打、厨房不多做。养成生活中珍惜粮食、厉行节约反对浪费的习惯，而不要只是一场行动。之后得到从中央到民众的支持，成为2013年十大新闻热词、网络热度词汇，最知名公益品牌之一。,其他,光盘行动，从我做起！,,吃得干干净净,,,8/21/2021
保安日记,,eric99,指的是模仿保安按工作报告的形式，来给自己做流水账一般的日记。,出自带秀tv吧的一个帖子，其中以“x月x日，晴，今日第x次小区巡逻。。。”的格式写了许多保安在巡逻中遇到的琐事。“虽然真实性不明，但因为文风平实，内容琐碎，欢乐中又有点社会底层职业的迷茫，一些网友看后纷纷模仿。,其他,"2020年05月16日，多云
队长今天早上说我是个臭保安，先记个仇。你可以说我是保安，但是不可以说我是臭保安。我觉得，保安队长这个事，我也能当。",,朴实琐碎的安保日记,,,8/24/2021
基建狂魔,,eric99,指的是沉迷大型基础建设和超级工程的中国中国的基建和中国制造业突飞猛进。,出自网络上一些网友对中国的基建和制造业突飞猛进所进行的调侃，比如我国近些年完成的第一跨海大桥，世界第一高桥等。,其他,要问为什么中国发展这么快，那肯定是你不知道什么是基建狂魔。,,一直建一直爽,,,8/20/2021
离婚冷静期,,eric99,指夫妻在离婚时，政府强制要求双方暂时分开考虑清楚后再行决定是否继续离婚。,出自我国1994年的《婚姻登记管理条例》，其中规定了类似的“审查期”。之后进行了改革与引申，逐渐形成了今日的“离婚冷静期”。具体请参考专业文献。,其他,离婚冷静期能否足以回应现实问题还有待思考。,,对于离婚问题的中场休息,,,8/19/2021
突击式尽孝,,eric99,形容在节日期间对父母进行短暂爆发式的关爱行为。,不明,其他,每到母亲节，我朋友圈里大家都开始突击式尽孝的竞赛,,一年一度爱妈妈,,,8/14/2021
地摊经济,,eric99,通过摆地摊获得经济收入的一种经营活动。因疫情期间很多人失业，地毯生意开始变得更为普遍。,出自2020年全国两会上，全国人大代表杨宝玲建议，为了缓解疫情期间很多人失业的问题，在进一步加强规范城市管理的同时，因地制宜，应释放“地摊经济”的最大活力。,其他,如今的地摊经济让我找回了小时候街边吃饭的幸福感。,,疫情期间兴起的经济模式,,,8/20/2021
孤寡孤寡,,eric99,模仿青蛙叫声“呱”的拟声词，有嘲笑单身狗的意思。,不明,其他,七夕青蛙给您发来祝福：“孤寡孤寡！”,,又孤又寡，孤孤寡寡,,,8/25/2021
不孤不孤,,eric99,布谷鸟叫声（“卟咕”）的拟声词，表示不要一个人孤单，通常用于回复七夕青蛙的“孤寡孤寡”,不明,其他,虽然我到现在仍然是母胎solo，但请不要给我发孤寡青蛙！不孤不孤！,,不会孤单的！,,,8/24/2021
秋天的第一杯奶茶,,eric99,意为借秋天季节的到来，要第一杯奶茶和红包秀恩爱或者秀感情。,不明,其他,好久没有秋天的第一杯奶茶了。,,缺爱了,,,8/24/2021
塞班,,eric99,指的是女子视频中寻找的男朋友的名字。,出自抖音外网上一个泰国女子的视频，视频中泰国女子在寻找“塞班”（起初以为是她的狗，后发现是她男朋友），她先对着边上朋友娇滴滴地说：“塞班不见了。。。他跑到林子里面去了。。。”，然后对着林子轻唤：“塞班”，然后朋友叫她大声点喊，女子一扭头发出一声怒吼“塞班!”该反差让人爆笑令网友疯转。随后，也纷纷开始模仿女子找“塞班”。,其他,塞班，你在哪？,,弄丢了的男朋友,,,8/25/2021
778,,eric99,“吃吃吧”的谐音,出自抖音上很火的一位 他每次拍本人吃东西的视频都会说:“搞点夜点心吃吃吧” 而后语气说的很搞笑听起来就像搞点夜点心778，于是778便火起来，是吃吃吧的意思。,其他,凌晨3点，搞点龙虾778,,吃吃吧,,,8/23/2021
857,,eric99,指蹦迪的代名词。,出自蹦迪神曲《bow chi bow》和《feel my bass》副歌里面的空耳,其他,今晚857不？,,蹦迪,,,8/24/2021
我的心是冰冰的,,eric99,指是我的心是央视记者王冰冰的。‌‌‌,出自粉丝对中央广播卫视总台记者王冰冰的称赞。因其长相甜美，行为举止俏皮可爱受到广大网友的喜爱，由她报道的新闻里弹幕总是飘过一片“老婆~”,其他,冰冰说什么都是对，我的心是冰冰的！有图有真相：https://api.jikipedia.com/upload/0c5809b6a374de5848590d1c38e15c04_scaled.jpg,,我的心是王冰冰的。 ,,,8/25/2021
华子来几根,,eric99,意为来几根中华香烟。,出自抖音李会长的街（gai）溜子系列视频，指的是中华香烟。,其他,兄弟先别急着说近况，华子来几根,,精神小伙必备的招呼方式 。,,,7/27/2021
淦,,eric99,代替闽南脏话“干”的替换字。该词有侮辱性，请慎用！,出自闽南方言，网友对“干”一词的引申，这样可以不被和谐。,其他,淦！林北今天不骂你朱振亿，你上房揭瓦了你！,,靠,,,8/21/2021
小镇做题家,,eric99,指的是出身小城镇，做事注重纸面效应而忽略其实际效应的青年学子。,出自豆瓣网的一个聚集5万多名成员的小组。该小组在简介中称，组群的主要功能是给“985”、“211”大学的“失败学子”来“分享失败故事”，从而达到“自救”的目的。其中的这些“失败学子”普遍都是来自于村镇的寒门弟子，常年埋头苦读圣贤书，但因缺乏一定视野和资源，令他们郁郁不得志。随后引得网友热议。,其他,你每逢考试就题海的去刷题，这样不记内容多半结果就是小镇做题家,,死记硬背者,,,8/20/2021
糊弄学,,fahygaoyf,指应对生活中一些难以推脱的事情的技巧与学问。,"出自豆瓣的同名小组“糊弄学”。10多万人在这个小组里交流经验，如何糊弄别人、糊弄自己。而如何恰到好处的敷衍，不着痕迹的糊弄正是“糊弄学”的真谛，也是“糊弄学小组”中“糊糊子”、“弄弄子”们日常的讨论内容和研究方向
比如：
聊天中你回复：“可以”，显得较为冷漠，如果你回复：“可以可以”，则感觉比较走心。",其他,糊弄学可谓是现在这个人人关系紧密的社会的新学问。,,推脱学,,,8/21/2021
弄弄子,,eric99,对某些事情随便弄弄蒙混过关的人。‌‌‌‌‌‌‌,出自豆瓣“糊弄学小组”，其中​​‌​‌​‌‌​​​“糊弄学”指的是以不敷衍的方式应对生活中难以推脱之事的新学。在该群聊中懂得如何耍巧敷衍了事的人统称为“弄弄子”。,其他,每逢单身遇到情人节总要请教下身边的弄弄子们，帮我如何躲避暴击,,蒙混过关地做某些事,,,8/24/2021
川建国,,eric99,美国前总统塔朗普/川普的别称。因为特朗普的决策被国内网友认为十分愚蠢和无厘头，对美国本国毫无好处，反而有益于中国时，戏称其为我国的“川建国”同志。,出自微博网友对美国前总统的调侃昵称，因为特朗普的决策被国内网友认为十分愚蠢和无厘头，对美国本国毫无好处，反而有益于中国时，戏称其为我国的“川建国”同志。,其他,川建国对中国的好大家一定要记得。,,川普同志,,,8/20/2021
平安经,,eric99,《平安经》是吉林省公安厅前党委副书记、前常务副厅长贺电所著作品。,出自微博。2020年7月27日有微博网友晒出7张图片，内容为一本名为《平安经》的封面照片以及书里内容照片。整本书中皆以“XXX平安”一种造句形式，从而在网上引出一场广泛讨论。,其他,你若心神不宁，请读《平安经》。,,政治正确,,,8/19/2021